INSERT INTO DZIAŁ(NAZWA) VALUES('AGD');
INSERT INTO DZIAŁ(NAZWA) VALUES('RTV');
INSERT INTO DZIAŁ(NAZWA) VALUES('obuwie');
INSERT INTO DZIAŁ(NAZWA) VALUES('dom');
INSERT INTO DZIAŁ(NAZWA) VALUES('ogród');
INSERT INTO DZIAŁ(NAZWA) VALUES('odzież');
INSERT INTO DZIAŁ(NAZWA) VALUES('kosmetyki');
INSERT INTO DZIAŁ(NAZWA) VALUES('produkty do sprzątania');
INSERT INTO DZIAŁ(NAZWA) VALUES('artykuły spożywcze');
INSERT INTO DZIAŁ(NAZWA) VALUES('ogród');
INSERT INTO DZIAŁ(NAZWA) VALUES('obuwie');
INSERT INTO KATEGORIA_PRODUKTU(ID_DZIAŁU, NAZWA) VALUES(7, 'gry konsolowe');
INSERT INTO KATEGORIA_PRODUKTU(ID_DZIAŁU, NAZWA) VALUES(2, 'odzież sportowa');
INSERT INTO KATEGORIA_PRODUKTU(ID_DZIAŁU, NAZWA) VALUES(1, 'dekoracje i akcesoria');
INSERT INTO KATEGORIA_PRODUKTU(ID_DZIAŁU, NAZWA) VALUES(5, 'likiery');
INSERT INTO KATEGORIA_PRODUKTU(ID_DZIAŁU, NAZWA) VALUES(8, 'meble ogrodowe');
INSERT INTO KATEGORIA_PRODUKTU(ID_DZIAŁU, NAZWA) VALUES(2, 'dekoracje ogrodowe');
INSERT INTO KATEGORIA_PRODUKTU(ID_DZIAŁU, NAZWA) VALUES(10, 'wina czerwone');
INSERT INTO KATEGORIA_PRODUKTU(ID_DZIAŁU, NAZWA) VALUES(5, 'moda męska');
INSERT INTO KATEGORIA_PRODUKTU(ID_DZIAŁU, NAZWA) VALUES(2, 'materiały artystyczne');
INSERT INTO KATEGORIA_PRODUKTU(ID_DZIAŁU, NAZWA) VALUES(2, 'moda damska');
INSERT INTO KATEGORIA_PRODUKTU(ID_DZIAŁU, NAZWA) VALUES(8, 'wina czerwone');
INSERT INTO DOSTAWCA(NAZWA) VALUES('Kwieciński, Guzik and Nowacki');
INSERT INTO DOSTAWCA(NAZWA) VALUES('Górka and Sons');
INSERT INTO DOSTAWCA(NAZWA) VALUES('Markowski - Drzewiecki');
INSERT INTO DOSTAWCA(NAZWA) VALUES('Marczak - Niemczyk');
INSERT INTO OCENA_OD_KLIENTA(OCENA) VALUES('ipsa');
INSERT INTO OCENA_OD_KLIENTA(OCENA) VALUES('omnis');
INSERT INTO OCENA_OD_KLIENTA(OCENA) VALUES('maiores');
INSERT INTO OCENA_OD_KLIENTA(OCENA) VALUES('nesciunt');
INSERT INTO REKLAMACJA(POWÓD) VALUES('dolor');
INSERT INTO REKLAMACJA(POWÓD) VALUES('ut');
INSERT INTO REKLAMACJA(POWÓD) VALUES('consequatur');
INSERT INTO REKLAMACJA(POWÓD) VALUES('quia');
INSERT INTO PRACOWNIK(IMIĘ, NAZWISKO) VALUES('Stanisław', 'Izdebski');
INSERT INTO PRACOWNIK(IMIĘ, NAZWISKO) VALUES('Kwintyn', 'Bartczak');
INSERT INTO PRACOWNIK(IMIĘ, NAZWISKO) VALUES('Marcin', 'Klimczak');
INSERT INTO PRACOWNIK(IMIĘ, NAZWISKO) VALUES('Jerzy', 'Kulig');
INSERT INTO PRACOWNIK(IMIĘ, NAZWISKO) VALUES('Angelina', 'Drabik');
INSERT INTO PRACOWNIK(IMIĘ, NAZWISKO) VALUES('Ksawery', 'Łukasiewicz');
INSERT INTO PRACOWNIK(IMIĘ, NAZWISKO) VALUES('Korneli', 'Domagała');
INSERT INTO PRACOWNIK(IMIĘ, NAZWISKO) VALUES('Gertruda', 'Czarnecki');
INSERT INTO PRACOWNIK(IMIĘ, NAZWISKO) VALUES('Pelagia', 'Tomaszewski');
INSERT INTO PRACOWNIK(IMIĘ, NAZWISKO) VALUES('Nazariusz', 'Buczkowski');
INSERT INTO PRACOWNIK(IMIĘ, NAZWISKO) VALUES('Eudoksja', 'Szczepaniak');
INSERT INTO PRACOWNIK(IMIĘ, NAZWISKO) VALUES('Eugeniusz', 'Cichocki');
INSERT INTO PRACOWNIK(IMIĘ, NAZWISKO) VALUES('Cyrus', 'Kot');
INSERT INTO PRACOWNIK(IMIĘ, NAZWISKO) VALUES('Amanda', 'Kisiel');
INSERT INTO PRACOWNIK(IMIĘ, NAZWISKO) VALUES('Nazary', 'Chudzik');
INSERT INTO PRACOWNIK(IMIĘ, NAZWISKO) VALUES('Judyta', 'Kwiecień');
INSERT INTO PRACOWNIK(IMIĘ, NAZWISKO) VALUES('Janusz', 'Kaniewski');
INSERT INTO PRACOWNIK(IMIĘ, NAZWISKO) VALUES('Emanuel', 'Kozak');
INSERT INTO PRACOWNIK(IMIĘ, NAZWISKO) VALUES('Włodzimierz', 'Murawski');
INSERT INTO PRACOWNIK(IMIĘ, NAZWISKO) VALUES('Artur', 'Domański');
INSERT INTO PRACOWNIK(IMIĘ, NAZWISKO) VALUES('Fabian', 'Morawski');
INSERT INTO ODDZIAŁ(NAZWA, MIASTO, WOJEWÓDZTWO, ULICA_I_NUMER) VALUES('Oddział nr 10 w Lublinie', 'Zielona Góra', 'Kujawsko-pomorskie', 'Kościuszki 9');
INSERT INTO ODDZIAŁ(NAZWA, MIASTO, WOJEWÓDZTWO, ULICA_I_NUMER) VALUES('Oddział nr 16 w Szczecinie', 'Poznań', 'Lubuskie', 'Nuszkiewicza 33');
INSERT INTO ODDZIAŁ(NAZWA, MIASTO, WOJEWÓDZTWO, ULICA_I_NUMER) VALUES('Oddział nr 1 w Kielcach', 'Bytom', 'Warmińsko-mazurskie', 'Kościuszki 9');
INSERT INTO ODDZIAŁ(NAZWA, MIASTO, WOJEWÓDZTWO, ULICA_I_NUMER) VALUES('Oddział nr 5 w Rybniku', 'Rybnik', 'Małopolskie', 'Mariacka 62');
INSERT INTO ODDZIAŁ(NAZWA, MIASTO, WOJEWÓDZTWO, ULICA_I_NUMER) VALUES('Oddział nr 6 w Radomiu', 'Bytom', 'Dolnośląskie', 'Miejska 346');
INSERT INTO ODDZIAŁ(NAZWA, MIASTO, WOJEWÓDZTWO, ULICA_I_NUMER) VALUES('Oddział nr 2 w Sosnowcu', 'Warszawa', 'Łódzkie', 'Mariacka 62');
INSERT INTO ODDZIAŁ(NAZWA, MIASTO, WOJEWÓDZTWO, ULICA_I_NUMER) VALUES('Oddział nr 7 w Rudzie', 'Rybnik', 'Pomorskie', 'Mariacka 62');
INSERT INTO ODDZIAŁ(NAZWA, MIASTO, WOJEWÓDZTWO, ULICA_I_NUMER) VALUES('Oddział nr 16 w Rzeszowie', 'Lublin', 'Lubelskie', 'Kościuszki 9');
INSERT INTO ODDZIAŁ(NAZWA, MIASTO, WOJEWÓDZTWO, ULICA_I_NUMER) VALUES('Oddział nr 14 w Tychach', 'Poznań', 'Opolskie', 'Miejska 346');
INSERT INTO ODDZIAŁ(NAZWA, MIASTO, WOJEWÓDZTWO, ULICA_I_NUMER) VALUES('Oddział nr 1 w Białymstoku', 'Rzeszów', 'Warmińsko-mazurskie', 'Długa 182');
INSERT INTO ODDZIAŁ(NAZWA, MIASTO, WOJEWÓDZTWO, ULICA_I_NUMER) VALUES('Oddział nr 19 w Szczecinie', 'Kielce', 'Śląskie', 'Mariacka 62');
INSERT INTO ZAMÓWIENIA(ID_ODDZIAŁU, ID_DOSTAWCY, KOSZT_ZAMÓWIENIA, DATA_ZAMÓWIENIA) VALUES(3, 1, 71009, TO_DATE('2017-12-11 23:28', 'YYYY-MM-DD HH24:MI'));
INSERT INTO ZAMÓWIENIA(ID_ODDZIAŁU, ID_DOSTAWCY, KOSZT_ZAMÓWIENIA, DATA_ZAMÓWIENIA) VALUES(10, 3, 71166, TO_DATE('2017-12-11 23:28', 'YYYY-MM-DD HH24:MI'));
INSERT INTO ZAMÓWIENIA(ID_ODDZIAŁU, ID_DOSTAWCY, KOSZT_ZAMÓWIENIA, DATA_ZAMÓWIENIA) VALUES(5, 2, 41476, TO_DATE('2017-12-11 23:28', 'YYYY-MM-DD HH24:MI'));
INSERT INTO ZAMÓWIENIA(ID_ODDZIAŁU, ID_DOSTAWCY, KOSZT_ZAMÓWIENIA, DATA_ZAMÓWIENIA) VALUES(5, 2, 33211, TO_DATE('2017-12-11 23:28', 'YYYY-MM-DD HH24:MI'));
INSERT INTO ZAMÓWIENIA(ID_ODDZIAŁU, ID_DOSTAWCY, KOSZT_ZAMÓWIENIA, DATA_ZAMÓWIENIA) VALUES(1, 2, 7378, TO_DATE('2017-12-11 23:28', 'YYYY-MM-DD HH24:MI'));
INSERT INTO ZAMÓWIENIA(ID_ODDZIAŁU, ID_DOSTAWCY, KOSZT_ZAMÓWIENIA, DATA_ZAMÓWIENIA) VALUES(7, 2, 64851, TO_DATE('2017-12-11 23:28', 'YYYY-MM-DD HH24:MI'));
INSERT INTO ZAMÓWIENIA(ID_ODDZIAŁU, ID_DOSTAWCY, KOSZT_ZAMÓWIENIA, DATA_ZAMÓWIENIA) VALUES(7, 1, 72944, TO_DATE('2017-12-11 23:28', 'YYYY-MM-DD HH24:MI'));
INSERT INTO ZAMÓWIENIA(ID_ODDZIAŁU, ID_DOSTAWCY, KOSZT_ZAMÓWIENIA, DATA_ZAMÓWIENIA) VALUES(9, 3, 491, TO_DATE('2017-12-11 23:28', 'YYYY-MM-DD HH24:MI'));
INSERT INTO ZAMÓWIENIA(ID_ODDZIAŁU, ID_DOSTAWCY, KOSZT_ZAMÓWIENIA, DATA_ZAMÓWIENIA) VALUES(3, 3, 96014, TO_DATE('2017-12-11 23:28', 'YYYY-MM-DD HH24:MI'));
INSERT INTO ZAMÓWIENIA(ID_ODDZIAŁU, ID_DOSTAWCY, KOSZT_ZAMÓWIENIA, DATA_ZAMÓWIENIA) VALUES(1, 3, 35779, TO_DATE('2017-12-11 23:28', 'YYYY-MM-DD HH24:MI'));
INSERT INTO ZAMÓWIENIA(ID_ODDZIAŁU, ID_DOSTAWCY, KOSZT_ZAMÓWIENIA, DATA_ZAMÓWIENIA) VALUES(5, 3, 53756, TO_DATE('2017-12-11 23:28', 'YYYY-MM-DD HH24:MI'));
INSERT INTO ZAMÓWIENIA(ID_ODDZIAŁU, ID_DOSTAWCY, KOSZT_ZAMÓWIENIA, DATA_ZAMÓWIENIA) VALUES(5, 1, 70851, TO_DATE('2017-12-11 23:28', 'YYYY-MM-DD HH24:MI'));
INSERT INTO ZAMÓWIENIA(ID_ODDZIAŁU, ID_DOSTAWCY, KOSZT_ZAMÓWIENIA, DATA_ZAMÓWIENIA) VALUES(1, 1, 21930, TO_DATE('2017-12-11 23:28', 'YYYY-MM-DD HH24:MI'));
INSERT INTO ZAMÓWIENIA(ID_ODDZIAŁU, ID_DOSTAWCY, KOSZT_ZAMÓWIENIA, DATA_ZAMÓWIENIA) VALUES(8, 2, 77161, TO_DATE('2017-12-11 23:28', 'YYYY-MM-DD HH24:MI'));
INSERT INTO ZAMÓWIENIA(ID_ODDZIAŁU, ID_DOSTAWCY, KOSZT_ZAMÓWIENIA, DATA_ZAMÓWIENIA) VALUES(2, 2, 31228, TO_DATE('2017-12-11 23:28', 'YYYY-MM-DD HH24:MI'));
INSERT INTO ZAMÓWIENIA(ID_ODDZIAŁU, ID_DOSTAWCY, KOSZT_ZAMÓWIENIA, DATA_ZAMÓWIENIA) VALUES(1, 3, 35028, TO_DATE('2017-12-11 23:28', 'YYYY-MM-DD HH24:MI'));
INSERT INTO ZAMÓWIENIA(ID_ODDZIAŁU, ID_DOSTAWCY, KOSZT_ZAMÓWIENIA, DATA_ZAMÓWIENIA) VALUES(3, 1, 18008, TO_DATE('2017-12-11 23:28', 'YYYY-MM-DD HH24:MI'));
INSERT INTO ZAMÓWIENIA(ID_ODDZIAŁU, ID_DOSTAWCY, KOSZT_ZAMÓWIENIA, DATA_ZAMÓWIENIA) VALUES(6, 3, 58225, TO_DATE('2017-12-11 23:28', 'YYYY-MM-DD HH24:MI'));
INSERT INTO ZAMÓWIENIA(ID_ODDZIAŁU, ID_DOSTAWCY, KOSZT_ZAMÓWIENIA, DATA_ZAMÓWIENIA) VALUES(2, 1, 11828, TO_DATE('2017-12-11 23:28', 'YYYY-MM-DD HH24:MI'));
INSERT INTO ZAMÓWIENIA(ID_ODDZIAŁU, ID_DOSTAWCY, KOSZT_ZAMÓWIENIA, DATA_ZAMÓWIENIA) VALUES(9, 1, 51390, TO_DATE('2017-12-11 23:28', 'YYYY-MM-DD HH24:MI'));
INSERT INTO ZAMÓWIENIA(ID_ODDZIAŁU, ID_DOSTAWCY, KOSZT_ZAMÓWIENIA, DATA_ZAMÓWIENIA) VALUES(3, 2, 86142, TO_DATE('2017-12-11 23:28', 'YYYY-MM-DD HH24:MI'));
INSERT INTO ZAMÓWIENIA(ID_ODDZIAŁU, ID_DOSTAWCY, KOSZT_ZAMÓWIENIA, DATA_ZAMÓWIENIA) VALUES(1, 3, 49042, TO_DATE('2017-12-11 23:28', 'YYYY-MM-DD HH24:MI'));
INSERT INTO ZAMÓWIENIA(ID_ODDZIAŁU, ID_DOSTAWCY, KOSZT_ZAMÓWIENIA, DATA_ZAMÓWIENIA) VALUES(3, 1, 98705, TO_DATE('2017-12-11 23:28', 'YYYY-MM-DD HH24:MI'));
INSERT INTO ZAMÓWIENIA(ID_ODDZIAŁU, ID_DOSTAWCY, KOSZT_ZAMÓWIENIA, DATA_ZAMÓWIENIA) VALUES(6, 2, 77354, TO_DATE('2017-12-11 23:28', 'YYYY-MM-DD HH24:MI'));
INSERT INTO ZAMÓWIENIA(ID_ODDZIAŁU, ID_DOSTAWCY, KOSZT_ZAMÓWIENIA, DATA_ZAMÓWIENIA) VALUES(5, 1, 73384, TO_DATE('2017-12-11 23:28', 'YYYY-MM-DD HH24:MI'));
INSERT INTO ZAMÓWIENIA(ID_ODDZIAŁU, ID_DOSTAWCY, KOSZT_ZAMÓWIENIA, DATA_ZAMÓWIENIA) VALUES(5, 1, 46138, TO_DATE('2017-12-11 23:28', 'YYYY-MM-DD HH24:MI'));
INSERT INTO ZAMÓWIENIA(ID_ODDZIAŁU, ID_DOSTAWCY, KOSZT_ZAMÓWIENIA, DATA_ZAMÓWIENIA) VALUES(8, 1, 99946, TO_DATE('2017-12-11 23:28', 'YYYY-MM-DD HH24:MI'));
INSERT INTO ZAMÓWIENIA(ID_ODDZIAŁU, ID_DOSTAWCY, KOSZT_ZAMÓWIENIA, DATA_ZAMÓWIENIA) VALUES(1, 2, 47805, TO_DATE('2017-12-11 23:28', 'YYYY-MM-DD HH24:MI'));
INSERT INTO ZAMÓWIENIA(ID_ODDZIAŁU, ID_DOSTAWCY, KOSZT_ZAMÓWIENIA, DATA_ZAMÓWIENIA) VALUES(10, 3, 51514, TO_DATE('2017-12-11 23:28', 'YYYY-MM-DD HH24:MI'));
INSERT INTO ZAMÓWIENIA(ID_ODDZIAŁU, ID_DOSTAWCY, KOSZT_ZAMÓWIENIA, DATA_ZAMÓWIENIA) VALUES(4, 1, 88592, TO_DATE('2017-12-11 23:28', 'YYYY-MM-DD HH24:MI'));
INSERT INTO ZAMÓWIENIA(ID_ODDZIAŁU, ID_DOSTAWCY, KOSZT_ZAMÓWIENIA, DATA_ZAMÓWIENIA) VALUES(5, 2, 11155, TO_DATE('2017-12-11 23:28', 'YYYY-MM-DD HH24:MI'));
INSERT INTO PRODUKT(ID_KATEGORII, ID_DZIAŁU, NAZWA) VALUES(2, 4, 'Awesome Concrete Car');
INSERT INTO PRODUKT(ID_KATEGORII, ID_DZIAŁU, NAZWA) VALUES(10, 6, 'Refined Rubber Pants');
INSERT INTO PRODUKT(ID_KATEGORII, ID_DZIAŁU, NAZWA) VALUES(4, 3, 'Rustic Granite Fish');
INSERT INTO PRODUKT(ID_KATEGORII, ID_DZIAŁU, NAZWA) VALUES(4, 10, 'Awesome Soft Pizza');
INSERT INTO PRODUKT(ID_KATEGORII, ID_DZIAŁU, NAZWA) VALUES(2, 10, 'Handmade Plastic Fish');
INSERT INTO PRODUKT(ID_KATEGORII, ID_DZIAŁU, NAZWA) VALUES(2, 1, 'Incredible Wooden Towels');
INSERT INTO PRODUKT(ID_KATEGORII, ID_DZIAŁU, NAZWA) VALUES(2, 2, 'Tasty Wooden Keyboard');
INSERT INTO PRODUKT(ID_KATEGORII, ID_DZIAŁU, NAZWA) VALUES(2, 9, 'Ergonomic Rubber Cheese');
INSERT INTO PRODUKT(ID_KATEGORII, ID_DZIAŁU, NAZWA) VALUES(5, 1, 'Small Soft Computer');
INSERT INTO PRODUKT(ID_KATEGORII, ID_DZIAŁU, NAZWA) VALUES(7, 1, 'Practical Granite Sausages');
INSERT INTO PRODUKT(ID_KATEGORII, ID_DZIAŁU, NAZWA) VALUES(1, 5, 'Unbranded Wooden Fish');
INSERT INTO PRODUKT(ID_KATEGORII, ID_DZIAŁU, NAZWA) VALUES(10, 8, 'Generic Granite Computer');
INSERT INTO PRODUKT(ID_KATEGORII, ID_DZIAŁU, NAZWA) VALUES(4, 10, 'Ergonomic Wooden Fish');
INSERT INTO PRODUKT(ID_KATEGORII, ID_DZIAŁU, NAZWA) VALUES(8, 7, 'Practical Concrete Tuna');
INSERT INTO PRODUKT(ID_KATEGORII, ID_DZIAŁU, NAZWA) VALUES(5, 6, 'Gorgeous Plastic Table');
INSERT INTO PRODUKT(ID_KATEGORII, ID_DZIAŁU, NAZWA) VALUES(2, 8, 'Sleek Cotton Salad');
INSERT INTO PRODUKT(ID_KATEGORII, ID_DZIAŁU, NAZWA) VALUES(5, 9, 'Ergonomic Steel Pants');
INSERT INTO PRODUKT(ID_KATEGORII, ID_DZIAŁU, NAZWA) VALUES(3, 3, 'Handmade Plastic Sausages');
INSERT INTO PRODUKT(ID_KATEGORII, ID_DZIAŁU, NAZWA) VALUES(6, 7, 'Licensed Soft Ball');
INSERT INTO PRODUKT(ID_KATEGORII, ID_DZIAŁU, NAZWA) VALUES(1, 1, 'Intelligent Plastic Chips');
INSERT INTO PRODUKT(ID_KATEGORII, ID_DZIAŁU, NAZWA) VALUES(5, 8, 'Handmade Granite Computer');
INSERT INTO PRODUKT(ID_KATEGORII, ID_DZIAŁU, NAZWA) VALUES(4, 6, 'Fantastic Concrete Table');
INSERT INTO PRODUKT(ID_KATEGORII, ID_DZIAŁU, NAZWA) VALUES(4, 6, 'Fantastic Cotton Sausages');
INSERT INTO PRODUKT(ID_KATEGORII, ID_DZIAŁU, NAZWA) VALUES(4, 4, 'Licensed Fresh Gloves');
INSERT INTO PRODUKT(ID_KATEGORII, ID_DZIAŁU, NAZWA) VALUES(4, 9, 'Ergonomic Steel Fish');
INSERT INTO PRODUKT(ID_KATEGORII, ID_DZIAŁU, NAZWA) VALUES(7, 4, 'Awesome Metal Chips');
INSERT INTO PRODUKT(ID_KATEGORII, ID_DZIAŁU, NAZWA) VALUES(3, 6, 'Awesome Rubber Hat');
INSERT INTO PRODUKT(ID_KATEGORII, ID_DZIAŁU, NAZWA) VALUES(5, 1, 'Fantastic Granite Bacon');
INSERT INTO PRODUKT(ID_KATEGORII, ID_DZIAŁU, NAZWA) VALUES(5, 6, 'Gorgeous Fresh Chips');
INSERT INTO PRODUKT(ID_KATEGORII, ID_DZIAŁU, NAZWA) VALUES(2, 9, 'Generic Steel Computer');
INSERT INTO PRODUKT(ID_KATEGORII, ID_DZIAŁU, NAZWA) VALUES(9, 3, 'Sleek Granite Hat');
INSERT INTO PROMOCJE(ID_PRODUKTU, OBNIŻKA_PROCENTOWA, OD, DO) VALUES(29, 71, TO_DATE('2018-06-05 17:23', 'YYYY-MM-DD HH24:MI'), TO_DATE('2018-06-06 17:23', 'YYYY-MM-DD HH24:MI:'));
INSERT INTO PROMOCJE(ID_PRODUKTU, OBNIŻKA_PROCENTOWA, OD, DO) VALUES(17, 6, TO_DATE('2018-02-14 21:31', 'YYYY-MM-DD HH24:MI'), TO_DATE('2018-02-16 21:31', 'YYYY-MM-DD HH24:MI:'));
INSERT INTO PROMOCJE(ID_PRODUKTU, OBNIŻKA_PROCENTOWA, OD, DO) VALUES(30, 51, TO_DATE('2018-01-20 21:10', 'YYYY-MM-DD HH24:MI'), TO_DATE('2018-01-21 21:10', 'YYYY-MM-DD HH24:MI:'));
INSERT INTO PROMOCJE(ID_PRODUKTU, OBNIŻKA_PROCENTOWA, OD, DO) VALUES(10, 15, TO_DATE('2018-03-25 12:39', 'YYYY-MM-DD HH24:MI'), TO_DATE('2018-03-26 12:39', 'YYYY-MM-DD HH24:MI:'));
INSERT INTO PROMOCJE(ID_PRODUKTU, OBNIŻKA_PROCENTOWA, OD, DO) VALUES(12, 16, TO_DATE('2018-01-08 10:10', 'YYYY-MM-DD HH24:MI'), TO_DATE('2018-01-11 10:10', 'YYYY-MM-DD HH24:MI:'));
INSERT INTO PROMOCJE(ID_PRODUKTU, OBNIŻKA_PROCENTOWA, OD, DO) VALUES(17, 70, TO_DATE('2018-01-14 18:55', 'YYYY-MM-DD HH24:MI'), TO_DATE('2018-01-17 18:55', 'YYYY-MM-DD HH24:MI:'));
INSERT INTO PROMOCJE(ID_PRODUKTU, OBNIŻKA_PROCENTOWA, OD, DO) VALUES(23, 42, TO_DATE('2018-02-25 01:36', 'YYYY-MM-DD HH24:MI'), TO_DATE('2018-02-27 01:36', 'YYYY-MM-DD HH24:MI:'));
INSERT INTO PROMOCJE(ID_PRODUKTU, OBNIŻKA_PROCENTOWA, OD, DO) VALUES(9, 46, TO_DATE('2018-05-18 07:38', 'YYYY-MM-DD HH24:MI'), TO_DATE('2018-05-19 07:38', 'YYYY-MM-DD HH24:MI:'));
INSERT INTO PROMOCJE(ID_PRODUKTU, OBNIŻKA_PROCENTOWA, OD, DO) VALUES(2, 34, TO_DATE('2018-05-09 03:58', 'YYYY-MM-DD HH24:MI'), TO_DATE('2018-05-10 03:58', 'YYYY-MM-DD HH24:MI:'));
INSERT INTO PROMOCJE(ID_PRODUKTU, OBNIŻKA_PROCENTOWA, OD, DO) VALUES(10, 59, TO_DATE('2018-05-17 10:05', 'YYYY-MM-DD HH24:MI'), TO_DATE('2018-05-20 10:05', 'YYYY-MM-DD HH24:MI:'));
INSERT INTO PROMOCJE(ID_PRODUKTU, OBNIŻKA_PROCENTOWA, OD, DO) VALUES(13, 75, TO_DATE('2017-12-07 12:04', 'YYYY-MM-DD HH24:MI'), TO_DATE('2017-12-10 12:04', 'YYYY-MM-DD HH24:MI:'));
INSERT INTO PROMOCJE(ID_PRODUKTU, OBNIŻKA_PROCENTOWA, OD, DO) VALUES(28, 43, TO_DATE('2018-03-29 05:06', 'YYYY-MM-DD HH24:MI'), TO_DATE('2018-03-30 05:06', 'YYYY-MM-DD HH24:MI:'));
INSERT INTO PROMOCJE(ID_PRODUKTU, OBNIŻKA_PROCENTOWA, OD, DO) VALUES(7, 52, TO_DATE('2018-05-17 04:48', 'YYYY-MM-DD HH24:MI'), TO_DATE('2018-05-20 04:48', 'YYYY-MM-DD HH24:MI:'));
INSERT INTO PROMOCJE(ID_PRODUKTU, OBNIŻKA_PROCENTOWA, OD, DO) VALUES(14, 22, TO_DATE('2018-04-17 12:30', 'YYYY-MM-DD HH24:MI'), TO_DATE('2018-04-20 12:30', 'YYYY-MM-DD HH24:MI:'));
INSERT INTO PROMOCJE(ID_PRODUKTU, OBNIŻKA_PROCENTOWA, OD, DO) VALUES(29, 43, TO_DATE('2018-01-20 09:55', 'YYYY-MM-DD HH24:MI'), TO_DATE('2018-01-22 09:55', 'YYYY-MM-DD HH24:MI:'));
INSERT INTO PROMOCJE(ID_PRODUKTU, OBNIŻKA_PROCENTOWA, OD, DO) VALUES(30, 56, TO_DATE('2017-12-21 22:10', 'YYYY-MM-DD HH24:MI'), TO_DATE('2017-12-23 22:10', 'YYYY-MM-DD HH24:MI:'));
INSERT INTO PROMOCJE(ID_PRODUKTU, OBNIŻKA_PROCENTOWA, OD, DO) VALUES(4, 7, TO_DATE('2018-09-07 11:01', 'YYYY-MM-DD HH24:MI'), TO_DATE('2018-09-10 11:01', 'YYYY-MM-DD HH24:MI:'));
INSERT INTO PROMOCJE(ID_PRODUKTU, OBNIŻKA_PROCENTOWA, OD, DO) VALUES(13, 74, TO_DATE('2018-09-06 02:46', 'YYYY-MM-DD HH24:MI'), TO_DATE('2018-09-09 02:46', 'YYYY-MM-DD HH24:MI:'));
INSERT INTO PROMOCJE(ID_PRODUKTU, OBNIŻKA_PROCENTOWA, OD, DO) VALUES(21, 50, TO_DATE('2018-11-06 16:37', 'YYYY-MM-DD HH24:MI'), TO_DATE('2018-11-08 16:37', 'YYYY-MM-DD HH24:MI:'));
INSERT INTO PROMOCJE(ID_PRODUKTU, OBNIŻKA_PROCENTOWA, OD, DO) VALUES(17, 22, TO_DATE('2018-03-08 11:37', 'YYYY-MM-DD HH24:MI'), TO_DATE('2018-03-10 11:37', 'YYYY-MM-DD HH24:MI:'));
INSERT INTO PROMOCJE(ID_PRODUKTU, OBNIŻKA_PROCENTOWA, OD, DO) VALUES(15, 11, TO_DATE('2018-08-22 06:24', 'YYYY-MM-DD HH24:MI'), TO_DATE('2018-08-25 06:24', 'YYYY-MM-DD HH24:MI:'));
INSERT INTO PROMOCJE(ID_PRODUKTU, OBNIŻKA_PROCENTOWA, OD, DO) VALUES(26, 66, TO_DATE('2018-06-10 18:23', 'YYYY-MM-DD HH24:MI'), TO_DATE('2018-06-13 18:23', 'YYYY-MM-DD HH24:MI:'));
INSERT INTO PROMOCJE(ID_PRODUKTU, OBNIŻKA_PROCENTOWA, OD, DO) VALUES(6, 52, TO_DATE('2018-07-13 14:32', 'YYYY-MM-DD HH24:MI'), TO_DATE('2018-07-15 14:32', 'YYYY-MM-DD HH24:MI:'));
INSERT INTO PROMOCJE(ID_PRODUKTU, OBNIŻKA_PROCENTOWA, OD, DO) VALUES(24, 54, TO_DATE('2018-07-06 18:53', 'YYYY-MM-DD HH24:MI'), TO_DATE('2018-07-09 18:53', 'YYYY-MM-DD HH24:MI:'));
INSERT INTO PROMOCJE(ID_PRODUKTU, OBNIŻKA_PROCENTOWA, OD, DO) VALUES(24, 18, TO_DATE('2018-08-05 06:16', 'YYYY-MM-DD HH24:MI'), TO_DATE('2018-08-07 06:16', 'YYYY-MM-DD HH24:MI:'));
INSERT INTO PROMOCJE(ID_PRODUKTU, OBNIŻKA_PROCENTOWA, OD, DO) VALUES(10, 10, TO_DATE('2017-12-21 19:45', 'YYYY-MM-DD HH24:MI'), TO_DATE('2017-12-24 19:45', 'YYYY-MM-DD HH24:MI:'));
INSERT INTO PROMOCJE(ID_PRODUKTU, OBNIŻKA_PROCENTOWA, OD, DO) VALUES(7, 13, TO_DATE('2018-06-28 19:37', 'YYYY-MM-DD HH24:MI'), TO_DATE('2018-06-30 19:37', 'YYYY-MM-DD HH24:MI:'));
INSERT INTO PROMOCJE(ID_PRODUKTU, OBNIŻKA_PROCENTOWA, OD, DO) VALUES(20, 69, TO_DATE('2018-07-23 15:36', 'YYYY-MM-DD HH24:MI'), TO_DATE('2018-07-26 15:36', 'YYYY-MM-DD HH24:MI:'));
INSERT INTO PROMOCJE(ID_PRODUKTU, OBNIŻKA_PROCENTOWA, OD, DO) VALUES(19, 52, TO_DATE('2018-07-23 02:03', 'YYYY-MM-DD HH24:MI'), TO_DATE('2018-07-24 02:03', 'YYYY-MM-DD HH24:MI:'));
INSERT INTO PROMOCJE(ID_PRODUKTU, OBNIŻKA_PROCENTOWA, OD, DO) VALUES(8, 13, TO_DATE('2018-03-03 17:14', 'YYYY-MM-DD HH24:MI'), TO_DATE('2018-03-06 17:14', 'YYYY-MM-DD HH24:MI:'));
INSERT INTO PROMOCJE(ID_PRODUKTU, OBNIŻKA_PROCENTOWA, OD, DO) VALUES(13, 62, TO_DATE('2018-07-23 06:57', 'YYYY-MM-DD HH24:MI'), TO_DATE('2018-07-25 06:57', 'YYYY-MM-DD HH24:MI:'));
INSERT INTO PROMOCJE(ID_PRODUKTU, OBNIŻKA_PROCENTOWA, OD, DO) VALUES(11, 21, TO_DATE('2018-01-17 07:11', 'YYYY-MM-DD HH24:MI'), TO_DATE('2018-01-18 07:11', 'YYYY-MM-DD HH24:MI:'));
INSERT INTO PROMOCJE(ID_PRODUKTU, OBNIŻKA_PROCENTOWA, OD, DO) VALUES(25, 3, TO_DATE('2018-09-21 07:37', 'YYYY-MM-DD HH24:MI'), TO_DATE('2018-09-22 07:37', 'YYYY-MM-DD HH24:MI:'));
INSERT INTO PROMOCJE(ID_PRODUKTU, OBNIŻKA_PROCENTOWA, OD, DO) VALUES(23, 13, TO_DATE('2018-01-31 14:54', 'YYYY-MM-DD HH24:MI'), TO_DATE('2018-02-01 14:54', 'YYYY-MM-DD HH24:MI:'));
INSERT INTO PROMOCJE(ID_PRODUKTU, OBNIŻKA_PROCENTOWA, OD, DO) VALUES(18, 4, TO_DATE('2018-03-07 14:51', 'YYYY-MM-DD HH24:MI'), TO_DATE('2018-03-08 14:51', 'YYYY-MM-DD HH24:MI:'));
INSERT INTO PROMOCJE(ID_PRODUKTU, OBNIŻKA_PROCENTOWA, OD, DO) VALUES(12, 3, TO_DATE('2018-11-24 13:18', 'YYYY-MM-DD HH24:MI'), TO_DATE('2018-11-25 13:18', 'YYYY-MM-DD HH24:MI:'));
INSERT INTO PROMOCJE(ID_PRODUKTU, OBNIŻKA_PROCENTOWA, OD, DO) VALUES(28, 38, TO_DATE('2018-11-15 08:17', 'YYYY-MM-DD HH24:MI'), TO_DATE('2018-11-17 08:17', 'YYYY-MM-DD HH24:MI:'));
INSERT INTO PROMOCJE(ID_PRODUKTU, OBNIŻKA_PROCENTOWA, OD, DO) VALUES(2, 21, TO_DATE('2018-09-17 02:48', 'YYYY-MM-DD HH24:MI'), TO_DATE('2018-09-19 02:48', 'YYYY-MM-DD HH24:MI:'));
INSERT INTO PROMOCJE(ID_PRODUKTU, OBNIŻKA_PROCENTOWA, OD, DO) VALUES(26, 63, TO_DATE('2018-10-19 04:07', 'YYYY-MM-DD HH24:MI'), TO_DATE('2018-10-20 04:07', 'YYYY-MM-DD HH24:MI:'));
INSERT INTO PROMOCJE(ID_PRODUKTU, OBNIŻKA_PROCENTOWA, OD, DO) VALUES(15, 40, TO_DATE('2017-12-11 22:34', 'YYYY-MM-DD HH24:MI'), TO_DATE('2017-12-14 22:34', 'YYYY-MM-DD HH24:MI:'));
INSERT INTO PROMOCJE(ID_PRODUKTU, OBNIŻKA_PROCENTOWA, OD, DO) VALUES(28, 28, TO_DATE('2018-06-25 22:09', 'YYYY-MM-DD HH24:MI'), TO_DATE('2018-06-28 22:09', 'YYYY-MM-DD HH24:MI:'));
INSERT INTO PROMOCJE(ID_PRODUKTU, OBNIŻKA_PROCENTOWA, OD, DO) VALUES(7, 28, TO_DATE('2018-06-23 03:48', 'YYYY-MM-DD HH24:MI'), TO_DATE('2018-06-26 03:48', 'YYYY-MM-DD HH24:MI:'));
INSERT INTO PROMOCJE(ID_PRODUKTU, OBNIŻKA_PROCENTOWA, OD, DO) VALUES(8, 1, TO_DATE('2018-07-28 19:02', 'YYYY-MM-DD HH24:MI'), TO_DATE('2018-07-30 19:02', 'YYYY-MM-DD HH24:MI:'));
INSERT INTO PROMOCJE(ID_PRODUKTU, OBNIŻKA_PROCENTOWA, OD, DO) VALUES(7, 21, TO_DATE('2018-05-06 15:28', 'YYYY-MM-DD HH24:MI'), TO_DATE('2018-05-09 15:28', 'YYYY-MM-DD HH24:MI:'));
INSERT INTO PROMOCJE(ID_PRODUKTU, OBNIŻKA_PROCENTOWA, OD, DO) VALUES(15, 75, TO_DATE('2018-04-05 03:22', 'YYYY-MM-DD HH24:MI'), TO_DATE('2018-04-06 03:22', 'YYYY-MM-DD HH24:MI:'));
INSERT INTO PROMOCJE(ID_PRODUKTU, OBNIŻKA_PROCENTOWA, OD, DO) VALUES(6, 43, TO_DATE('2018-10-27 19:26', 'YYYY-MM-DD HH24:MI'), TO_DATE('2018-10-30 19:26', 'YYYY-MM-DD HH24:MI:'));
INSERT INTO PROMOCJE(ID_PRODUKTU, OBNIŻKA_PROCENTOWA, OD, DO) VALUES(23, 74, TO_DATE('2018-02-10 21:20', 'YYYY-MM-DD HH24:MI'), TO_DATE('2018-02-11 21:20', 'YYYY-MM-DD HH24:MI:'));
INSERT INTO PROMOCJE(ID_PRODUKTU, OBNIŻKA_PROCENTOWA, OD, DO) VALUES(21, 59, TO_DATE('2018-02-26 14:26', 'YYYY-MM-DD HH24:MI'), TO_DATE('2018-02-28 14:26', 'YYYY-MM-DD HH24:MI:'));
INSERT INTO PROMOCJE(ID_PRODUKTU, OBNIŻKA_PROCENTOWA, OD, DO) VALUES(3, 2, TO_DATE('2018-09-04 13:56', 'YYYY-MM-DD HH24:MI'), TO_DATE('2018-09-05 13:56', 'YYYY-MM-DD HH24:MI:'));
INSERT INTO PROMOCJE(ID_PRODUKTU, OBNIŻKA_PROCENTOWA, OD, DO) VALUES(12, 38, TO_DATE('2018-04-14 10:38', 'YYYY-MM-DD HH24:MI'), TO_DATE('2018-04-17 10:38', 'YYYY-MM-DD HH24:MI:'));
INSERT INTO PROMOCJE(ID_PRODUKTU, OBNIŻKA_PROCENTOWA, OD, DO) VALUES(26, 46, TO_DATE('2018-04-25 12:15', 'YYYY-MM-DD HH24:MI'), TO_DATE('2018-04-27 12:15', 'YYYY-MM-DD HH24:MI:'));
INSERT INTO CENA_PRODUKTU(ID_PRODUKTU, CENA, OD, DO) VALUES(12, 52, TO_DATE('2018-06-17 11:07', 'YYYY-MM-DD HH24:MI'), TO_DATE('2018-06-19 11:07', 'YYYY-MM-DD HH24:MI:'));
INSERT INTO CENA_PRODUKTU(ID_PRODUKTU, CENA, OD, DO) VALUES(8, 476, TO_DATE('2018-02-28 16:50', 'YYYY-MM-DD HH24:MI'), TO_DATE('2018-03-02 16:50', 'YYYY-MM-DD HH24:MI:'));
INSERT INTO CENA_PRODUKTU(ID_PRODUKTU, CENA, OD, DO) VALUES(12, 209, TO_DATE('2018-07-26 12:44', 'YYYY-MM-DD HH24:MI'), TO_DATE('2018-07-27 12:44', 'YYYY-MM-DD HH24:MI:'));
INSERT INTO CENA_PRODUKTU(ID_PRODUKTU, CENA, OD, DO) VALUES(8, 343, TO_DATE('2018-08-05 01:05', 'YYYY-MM-DD HH24:MI'), TO_DATE('2018-08-06 01:05', 'YYYY-MM-DD HH24:MI:'));
INSERT INTO CENA_PRODUKTU(ID_PRODUKTU, CENA, OD, DO) VALUES(17, 171, TO_DATE('2018-08-13 10:26', 'YYYY-MM-DD HH24:MI'), TO_DATE('2018-08-15 10:26', 'YYYY-MM-DD HH24:MI:'));
INSERT INTO CENA_PRODUKTU(ID_PRODUKTU, CENA, OD, DO) VALUES(11, 215, TO_DATE('2018-05-16 00:44', 'YYYY-MM-DD HH24:MI'), TO_DATE('2018-05-17 00:44', 'YYYY-MM-DD HH24:MI:'));
INSERT INTO CENA_PRODUKTU(ID_PRODUKTU, CENA, OD, DO) VALUES(19, 367, TO_DATE('2018-08-10 06:09', 'YYYY-MM-DD HH24:MI'), TO_DATE('2018-08-11 06:09', 'YYYY-MM-DD HH24:MI:'));
INSERT INTO CENA_PRODUKTU(ID_PRODUKTU, CENA, OD, DO) VALUES(6, 218, TO_DATE('2018-01-21 16:13', 'YYYY-MM-DD HH24:MI'), TO_DATE('2018-01-22 16:13', 'YYYY-MM-DD HH24:MI:'));
INSERT INTO CENA_PRODUKTU(ID_PRODUKTU, CENA, OD, DO) VALUES(9, 482, TO_DATE('2018-09-13 18:04', 'YYYY-MM-DD HH24:MI'), TO_DATE('2018-09-16 18:04', 'YYYY-MM-DD HH24:MI:'));
INSERT INTO CENA_PRODUKTU(ID_PRODUKTU, CENA, OD, DO) VALUES(20, 369, TO_DATE('2017-12-23 19:51', 'YYYY-MM-DD HH24:MI'), TO_DATE('2017-12-24 19:51', 'YYYY-MM-DD HH24:MI:'));
INSERT INTO CENA_PRODUKTU(ID_PRODUKTU, CENA, OD, DO) VALUES(4, 295, TO_DATE('2018-08-26 16:58', 'YYYY-MM-DD HH24:MI'), TO_DATE('2018-08-27 16:58', 'YYYY-MM-DD HH24:MI:'));
INSERT INTO CENA_PRODUKTU(ID_PRODUKTU, CENA, OD, DO) VALUES(11, 283, TO_DATE('2018-10-27 15:37', 'YYYY-MM-DD HH24:MI'), TO_DATE('2018-10-28 15:37', 'YYYY-MM-DD HH24:MI:'));
INSERT INTO CENA_PRODUKTU(ID_PRODUKTU, CENA, OD, DO) VALUES(4, 338, TO_DATE('2018-07-30 21:39', 'YYYY-MM-DD HH24:MI'), TO_DATE('2018-08-02 21:39', 'YYYY-MM-DD HH24:MI:'));
INSERT INTO CENA_PRODUKTU(ID_PRODUKTU, CENA, OD, DO) VALUES(17, 451, TO_DATE('2018-08-20 15:28', 'YYYY-MM-DD HH24:MI'), TO_DATE('2018-08-21 15:28', 'YYYY-MM-DD HH24:MI:'));
INSERT INTO CENA_PRODUKTU(ID_PRODUKTU, CENA, OD, DO) VALUES(6, 492, TO_DATE('2018-08-13 19:15', 'YYYY-MM-DD HH24:MI'), TO_DATE('2018-08-16 19:15', 'YYYY-MM-DD HH24:MI:'));
INSERT INTO CENA_PRODUKTU(ID_PRODUKTU, CENA, OD, DO) VALUES(3, 458, TO_DATE('2018-03-21 07:26', 'YYYY-MM-DD HH24:MI'), TO_DATE('2018-03-23 07:26', 'YYYY-MM-DD HH24:MI:'));
INSERT INTO CENA_PRODUKTU(ID_PRODUKTU, CENA, OD, DO) VALUES(13, 94, TO_DATE('2018-06-11 12:56', 'YYYY-MM-DD HH24:MI'), TO_DATE('2018-06-14 12:56', 'YYYY-MM-DD HH24:MI:'));
INSERT INTO CENA_PRODUKTU(ID_PRODUKTU, CENA, OD, DO) VALUES(22, 274, TO_DATE('2018-01-14 12:11', 'YYYY-MM-DD HH24:MI'), TO_DATE('2018-01-17 12:11', 'YYYY-MM-DD HH24:MI:'));
INSERT INTO CENA_PRODUKTU(ID_PRODUKTU, CENA, OD, DO) VALUES(27, 157, TO_DATE('2017-12-06 20:59', 'YYYY-MM-DD HH24:MI'), TO_DATE('2017-12-09 20:59', 'YYYY-MM-DD HH24:MI:'));
INSERT INTO CENA_PRODUKTU(ID_PRODUKTU, CENA, OD, DO) VALUES(10, 264, TO_DATE('2018-04-13 12:24', 'YYYY-MM-DD HH24:MI'), TO_DATE('2018-04-14 12:24', 'YYYY-MM-DD HH24:MI:'));
INSERT INTO CENA_PRODUKTU(ID_PRODUKTU, CENA, OD, DO) VALUES(16, 94, TO_DATE('2018-09-27 03:24', 'YYYY-MM-DD HH24:MI'), TO_DATE('2018-09-29 03:24', 'YYYY-MM-DD HH24:MI:'));
INSERT INTO CENA_PRODUKTU(ID_PRODUKTU, CENA, OD, DO) VALUES(7, 167, TO_DATE('2018-02-25 02:47', 'YYYY-MM-DD HH24:MI'), TO_DATE('2018-02-27 02:47', 'YYYY-MM-DD HH24:MI:'));
INSERT INTO CENA_PRODUKTU(ID_PRODUKTU, CENA, OD, DO) VALUES(27, 210, TO_DATE('2018-04-15 20:11', 'YYYY-MM-DD HH24:MI'), TO_DATE('2018-04-16 20:11', 'YYYY-MM-DD HH24:MI:'));
INSERT INTO CENA_PRODUKTU(ID_PRODUKTU, CENA, OD, DO) VALUES(21, 140, TO_DATE('2018-02-03 12:20', 'YYYY-MM-DD HH24:MI'), TO_DATE('2018-02-04 12:20', 'YYYY-MM-DD HH24:MI:'));
INSERT INTO CENA_PRODUKTU(ID_PRODUKTU, CENA, OD, DO) VALUES(25, 365, TO_DATE('2018-05-30 22:41', 'YYYY-MM-DD HH24:MI'), TO_DATE('2018-06-02 22:41', 'YYYY-MM-DD HH24:MI:'));
INSERT INTO CENA_PRODUKTU(ID_PRODUKTU, CENA, OD, DO) VALUES(19, 207, TO_DATE('2018-04-18 21:59', 'YYYY-MM-DD HH24:MI'), TO_DATE('2018-04-20 21:59', 'YYYY-MM-DD HH24:MI:'));
INSERT INTO CENA_PRODUKTU(ID_PRODUKTU, CENA, OD, DO) VALUES(4, 172, TO_DATE('2018-06-13 20:35', 'YYYY-MM-DD HH24:MI'), TO_DATE('2018-06-16 20:35', 'YYYY-MM-DD HH24:MI:'));
INSERT INTO CENA_PRODUKTU(ID_PRODUKTU, CENA, OD, DO) VALUES(16, 270, TO_DATE('2017-12-12 04:58', 'YYYY-MM-DD HH24:MI'), TO_DATE('2017-12-15 04:58', 'YYYY-MM-DD HH24:MI:'));
INSERT INTO CENA_PRODUKTU(ID_PRODUKTU, CENA, OD, DO) VALUES(19, 311, TO_DATE('2018-04-09 04:52', 'YYYY-MM-DD HH24:MI'), TO_DATE('2018-04-12 04:52', 'YYYY-MM-DD HH24:MI:'));
INSERT INTO CENA_PRODUKTU(ID_PRODUKTU, CENA, OD, DO) VALUES(28, 435, TO_DATE('2018-06-12 17:17', 'YYYY-MM-DD HH24:MI'), TO_DATE('2018-06-14 17:17', 'YYYY-MM-DD HH24:MI:'));
INSERT INTO CENA_PRODUKTU(ID_PRODUKTU, CENA, OD, DO) VALUES(4, 459, TO_DATE('2018-05-07 22:00', 'YYYY-MM-DD HH24:MI'), TO_DATE('2018-05-08 22:00', 'YYYY-MM-DD HH24:MI:'));
INSERT INTO CENA_PRODUKTU(ID_PRODUKTU, CENA, OD, DO) VALUES(11, 284, TO_DATE('2018-03-22 18:27', 'YYYY-MM-DD HH24:MI'), TO_DATE('2018-03-25 18:27', 'YYYY-MM-DD HH24:MI:'));
INSERT INTO CENA_PRODUKTU(ID_PRODUKTU, CENA, OD, DO) VALUES(21, 62, TO_DATE('2018-01-14 03:07', 'YYYY-MM-DD HH24:MI'), TO_DATE('2018-01-17 03:07', 'YYYY-MM-DD HH24:MI:'));
INSERT INTO CENA_PRODUKTU(ID_PRODUKTU, CENA, OD, DO) VALUES(8, 379, TO_DATE('2018-03-21 11:52', 'YYYY-MM-DD HH24:MI'), TO_DATE('2018-03-24 11:52', 'YYYY-MM-DD HH24:MI:'));
INSERT INTO CENA_PRODUKTU(ID_PRODUKTU, CENA, OD, DO) VALUES(2, 78, TO_DATE('2018-06-06 14:29', 'YYYY-MM-DD HH24:MI'), TO_DATE('2018-06-09 14:29', 'YYYY-MM-DD HH24:MI:'));
INSERT INTO CENA_PRODUKTU(ID_PRODUKTU, CENA, OD, DO) VALUES(2, 118, TO_DATE('2018-11-13 07:35', 'YYYY-MM-DD HH24:MI'), TO_DATE('2018-11-16 07:35', 'YYYY-MM-DD HH24:MI:'));
INSERT INTO CENA_PRODUKTU(ID_PRODUKTU, CENA, OD, DO) VALUES(24, 166, TO_DATE('2018-04-17 09:40', 'YYYY-MM-DD HH24:MI'), TO_DATE('2018-04-20 09:40', 'YYYY-MM-DD HH24:MI:'));
INSERT INTO CENA_PRODUKTU(ID_PRODUKTU, CENA, OD, DO) VALUES(1, 355, TO_DATE('2018-03-11 08:18', 'YYYY-MM-DD HH24:MI'), TO_DATE('2018-03-12 08:18', 'YYYY-MM-DD HH24:MI:'));
INSERT INTO CENA_PRODUKTU(ID_PRODUKTU, CENA, OD, DO) VALUES(21, 20, TO_DATE('2018-06-04 00:21', 'YYYY-MM-DD HH24:MI'), TO_DATE('2018-06-06 00:21', 'YYYY-MM-DD HH24:MI:'));
INSERT INTO CENA_PRODUKTU(ID_PRODUKTU, CENA, OD, DO) VALUES(17, 72, TO_DATE('2017-12-03 12:45', 'YYYY-MM-DD HH24:MI'), TO_DATE('2017-12-05 12:45', 'YYYY-MM-DD HH24:MI:'));
INSERT INTO CENA_PRODUKTU(ID_PRODUKTU, CENA, OD, DO) VALUES(26, 54, TO_DATE('2018-03-25 07:34', 'YYYY-MM-DD HH24:MI'), TO_DATE('2018-03-28 07:34', 'YYYY-MM-DD HH24:MI:'));
INSERT INTO CENA_PRODUKTU(ID_PRODUKTU, CENA, OD, DO) VALUES(19, 381, TO_DATE('2017-12-11 10:07', 'YYYY-MM-DD HH24:MI'), TO_DATE('2017-12-12 10:07', 'YYYY-MM-DD HH24:MI:'));
INSERT INTO CENA_PRODUKTU(ID_PRODUKTU, CENA, OD, DO) VALUES(8, 385, TO_DATE('2018-08-27 05:29', 'YYYY-MM-DD HH24:MI'), TO_DATE('2018-08-28 05:29', 'YYYY-MM-DD HH24:MI:'));
INSERT INTO CENA_PRODUKTU(ID_PRODUKTU, CENA, OD, DO) VALUES(24, 361, TO_DATE('2018-06-07 03:43', 'YYYY-MM-DD HH24:MI'), TO_DATE('2018-06-09 03:43', 'YYYY-MM-DD HH24:MI:'));
INSERT INTO CENA_PRODUKTU(ID_PRODUKTU, CENA, OD, DO) VALUES(4, 373, TO_DATE('2018-06-29 17:09', 'YYYY-MM-DD HH24:MI'), TO_DATE('2018-07-02 17:09', 'YYYY-MM-DD HH24:MI:'));
INSERT INTO CENA_PRODUKTU(ID_PRODUKTU, CENA, OD, DO) VALUES(10, 499, TO_DATE('2018-01-28 13:25', 'YYYY-MM-DD HH24:MI'), TO_DATE('2018-01-31 13:25', 'YYYY-MM-DD HH24:MI:'));
INSERT INTO CENA_PRODUKTU(ID_PRODUKTU, CENA, OD, DO) VALUES(2, 200, TO_DATE('2018-06-16 12:00', 'YYYY-MM-DD HH24:MI'), TO_DATE('2018-06-17 12:00', 'YYYY-MM-DD HH24:MI:'));
INSERT INTO CENA_PRODUKTU(ID_PRODUKTU, CENA, OD, DO) VALUES(3, 338, TO_DATE('2018-07-19 03:41', 'YYYY-MM-DD HH24:MI'), TO_DATE('2018-07-21 03:41', 'YYYY-MM-DD HH24:MI:'));
INSERT INTO CENA_PRODUKTU(ID_PRODUKTU, CENA, OD, DO) VALUES(25, 88, TO_DATE('2018-10-19 15:43', 'YYYY-MM-DD HH24:MI'), TO_DATE('2018-10-21 15:43', 'YYYY-MM-DD HH24:MI:'));
INSERT INTO CENA_PRODUKTU(ID_PRODUKTU, CENA, OD, DO) VALUES(17, 221, TO_DATE('2018-02-15 10:20', 'YYYY-MM-DD HH24:MI'), TO_DATE('2018-02-16 10:20', 'YYYY-MM-DD HH24:MI:'));
INSERT INTO CENA_PRODUKTU(ID_PRODUKTU, CENA, OD, DO) VALUES(2, 275, TO_DATE('2018-05-12 23:28', 'YYYY-MM-DD HH24:MI'), TO_DATE('2018-05-14 23:28', 'YYYY-MM-DD HH24:MI:'));
INSERT INTO CENA_PRODUKTU(ID_PRODUKTU, CENA, OD, DO) VALUES(3, 51, TO_DATE('2018-05-04 06:23', 'YYYY-MM-DD HH24:MI'), TO_DATE('2018-05-07 06:23', 'YYYY-MM-DD HH24:MI:'));
INSERT INTO CENA_PRODUKTU(ID_PRODUKTU, CENA, OD, DO) VALUES(1, 486, TO_DATE('2018-11-01 15:26', 'YYYY-MM-DD HH24:MI'), TO_DATE('2018-11-02 15:26', 'YYYY-MM-DD HH24:MI:'));
INSERT INTO CENA_PRODUKTU(ID_PRODUKTU, CENA, OD, DO) VALUES(10, 283, TO_DATE('2018-07-19 22:32', 'YYYY-MM-DD HH24:MI'), TO_DATE('2018-07-21 22:32', 'YYYY-MM-DD HH24:MI:'));
INSERT INTO CENA_PRODUKTU(ID_PRODUKTU, CENA, OD, DO) VALUES(23, 484, TO_DATE('2018-06-26 06:30', 'YYYY-MM-DD HH24:MI'), TO_DATE('2018-06-27 06:30', 'YYYY-MM-DD HH24:MI:'));
INSERT INTO CENA_PRODUKTU(ID_PRODUKTU, CENA, OD, DO) VALUES(14, 436, TO_DATE('2018-03-19 09:12', 'YYYY-MM-DD HH24:MI'), TO_DATE('2018-03-20 09:12', 'YYYY-MM-DD HH24:MI:'));
INSERT INTO CENA_PRODUKTU(ID_PRODUKTU, CENA, OD, DO) VALUES(2, 360, TO_DATE('2018-05-13 09:52', 'YYYY-MM-DD HH24:MI'), TO_DATE('2018-05-14 09:52', 'YYYY-MM-DD HH24:MI:'));
INSERT INTO CENA_PRODUKTU(ID_PRODUKTU, CENA, OD, DO) VALUES(11, 374, TO_DATE('2018-11-14 12:17', 'YYYY-MM-DD HH24:MI'), TO_DATE('2018-11-16 12:17', 'YYYY-MM-DD HH24:MI:'));
INSERT INTO CENA_PRODUKTU(ID_PRODUKTU, CENA, OD, DO) VALUES(18, 272, TO_DATE('2018-06-19 23:13', 'YYYY-MM-DD HH24:MI'), TO_DATE('2018-06-21 23:13', 'YYYY-MM-DD HH24:MI:'));
INSERT INTO CENA_PRODUKTU(ID_PRODUKTU, CENA, OD, DO) VALUES(12, 381, TO_DATE('2017-12-18 00:48', 'YYYY-MM-DD HH24:MI'), TO_DATE('2017-12-19 00:48', 'YYYY-MM-DD HH24:MI:'));
INSERT INTO CENA_PRODUKTU(ID_PRODUKTU, CENA, OD, DO) VALUES(27, 165, TO_DATE('2018-09-28 23:51', 'YYYY-MM-DD HH24:MI'), TO_DATE('2018-09-29 23:51', 'YYYY-MM-DD HH24:MI:'));
INSERT INTO PRODUKT_ZAMÓWIENIE(ID_PRODUKTU, ID_ZAMÓWIENIA, LICZBA_SZTUK, KOSZT_ZAMÓWIENIA_SZTUKI) VALUES(1, 7, 35, 261);
INSERT INTO PRODUKT_ZAMÓWIENIE(ID_PRODUKTU, ID_ZAMÓWIENIA, LICZBA_SZTUK, KOSZT_ZAMÓWIENIA_SZTUKI) VALUES(2, 17, 174, 304);
INSERT INTO PRODUKT_ZAMÓWIENIE(ID_PRODUKTU, ID_ZAMÓWIENIA, LICZBA_SZTUK, KOSZT_ZAMÓWIENIA_SZTUKI) VALUES(3, 27, 154, 947);
INSERT INTO PRODUKT_ZAMÓWIENIE(ID_PRODUKTU, ID_ZAMÓWIENIA, LICZBA_SZTUK, KOSZT_ZAMÓWIENIA_SZTUKI) VALUES(4, 3, 928, 118);
INSERT INTO PRODUKT_ZAMÓWIENIE(ID_PRODUKTU, ID_ZAMÓWIENIA, LICZBA_SZTUK, KOSZT_ZAMÓWIENIA_SZTUKI) VALUES(5, 30, 708, 354);
INSERT INTO PRODUKT_ZAMÓWIENIE(ID_PRODUKTU, ID_ZAMÓWIENIA, LICZBA_SZTUK, KOSZT_ZAMÓWIENIA_SZTUKI) VALUES(6, 8, 149, 298);
INSERT INTO PRODUKT_ZAMÓWIENIE(ID_PRODUKTU, ID_ZAMÓWIENIA, LICZBA_SZTUK, KOSZT_ZAMÓWIENIA_SZTUKI) VALUES(7, 8, 700, 380);
INSERT INTO PRODUKT_ZAMÓWIENIE(ID_PRODUKTU, ID_ZAMÓWIENIA, LICZBA_SZTUK, KOSZT_ZAMÓWIENIA_SZTUKI) VALUES(8, 25, 532, 494);
INSERT INTO PRODUKT_ZAMÓWIENIE(ID_PRODUKTU, ID_ZAMÓWIENIA, LICZBA_SZTUK, KOSZT_ZAMÓWIENIA_SZTUKI) VALUES(9, 15, 679, 696);
INSERT INTO PRODUKT_ZAMÓWIENIE(ID_PRODUKTU, ID_ZAMÓWIENIA, LICZBA_SZTUK, KOSZT_ZAMÓWIENIA_SZTUKI) VALUES(10, 5, 513, 311);
INSERT INTO PRODUKT_ZAMÓWIENIE(ID_PRODUKTU, ID_ZAMÓWIENIA, LICZBA_SZTUK, KOSZT_ZAMÓWIENIA_SZTUKI) VALUES(11, 9, 456, 911);
INSERT INTO PRODUKT_ZAMÓWIENIE(ID_PRODUKTU, ID_ZAMÓWIENIA, LICZBA_SZTUK, KOSZT_ZAMÓWIENIA_SZTUKI) VALUES(12, 8, 740, 622);
INSERT INTO PRODUKT_ZAMÓWIENIE(ID_PRODUKTU, ID_ZAMÓWIENIA, LICZBA_SZTUK, KOSZT_ZAMÓWIENIA_SZTUKI) VALUES(13, 12, 393, 638);
INSERT INTO PRODUKT_ZAMÓWIENIE(ID_PRODUKTU, ID_ZAMÓWIENIA, LICZBA_SZTUK, KOSZT_ZAMÓWIENIA_SZTUKI) VALUES(14, 3, 430, 380);
INSERT INTO PRODUKT_ZAMÓWIENIE(ID_PRODUKTU, ID_ZAMÓWIENIA, LICZBA_SZTUK, KOSZT_ZAMÓWIENIA_SZTUKI) VALUES(15, 28, 703, 339);
INSERT INTO PRODUKT_ZAMÓWIENIE(ID_PRODUKTU, ID_ZAMÓWIENIA, LICZBA_SZTUK, KOSZT_ZAMÓWIENIA_SZTUKI) VALUES(16, 11, 512, 825);
INSERT INTO PRODUKT_ZAMÓWIENIE(ID_PRODUKTU, ID_ZAMÓWIENIA, LICZBA_SZTUK, KOSZT_ZAMÓWIENIA_SZTUKI) VALUES(17, 15, 705, 171);
INSERT INTO PRODUKT_ZAMÓWIENIE(ID_PRODUKTU, ID_ZAMÓWIENIA, LICZBA_SZTUK, KOSZT_ZAMÓWIENIA_SZTUKI) VALUES(18, 15, 850, 848);
INSERT INTO PRODUKT_ZAMÓWIENIE(ID_PRODUKTU, ID_ZAMÓWIENIA, LICZBA_SZTUK, KOSZT_ZAMÓWIENIA_SZTUKI) VALUES(19, 8, 63, 541);
INSERT INTO PRODUKT_ZAMÓWIENIE(ID_PRODUKTU, ID_ZAMÓWIENIA, LICZBA_SZTUK, KOSZT_ZAMÓWIENIA_SZTUKI) VALUES(20, 9, 465, 516);
INSERT INTO PRODUKT_ZAMÓWIENIE(ID_PRODUKTU, ID_ZAMÓWIENIA, LICZBA_SZTUK, KOSZT_ZAMÓWIENIA_SZTUKI) VALUES(21, 15, 970, 494);
INSERT INTO PRODUKT_ZAMÓWIENIE(ID_PRODUKTU, ID_ZAMÓWIENIA, LICZBA_SZTUK, KOSZT_ZAMÓWIENIA_SZTUKI) VALUES(22, 16, 982, 560);
INSERT INTO MAGAZYN(ID_ODDZIAŁU, ID_PRODUKTU, LICZBA_PRODUKTÓW, CZAS) VALUES(10, 1, 2537, TO_DATE('2018-06-08 03:30', 'YYYY-MM-DD HH24:MI'));
INSERT INTO MAGAZYN(ID_ODDZIAŁU, ID_PRODUKTU, LICZBA_PRODUKTÓW, CZAS) VALUES(6, 2, 7678, TO_DATE('2018-06-08 03:30', 'YYYY-MM-DD HH24:MI'));
INSERT INTO MAGAZYN(ID_ODDZIAŁU, ID_PRODUKTU, LICZBA_PRODUKTÓW, CZAS) VALUES(7, 3, 9852, TO_DATE('2018-06-08 03:30', 'YYYY-MM-DD HH24:MI'));
INSERT INTO MAGAZYN(ID_ODDZIAŁU, ID_PRODUKTU, LICZBA_PRODUKTÓW, CZAS) VALUES(3, 4, 3373, TO_DATE('2018-06-08 03:30', 'YYYY-MM-DD HH24:MI'));
INSERT INTO MAGAZYN(ID_ODDZIAŁU, ID_PRODUKTU, LICZBA_PRODUKTÓW, CZAS) VALUES(10, 5, 8563, TO_DATE('2018-06-08 03:30', 'YYYY-MM-DD HH24:MI'));
INSERT INTO MAGAZYN(ID_ODDZIAŁU, ID_PRODUKTU, LICZBA_PRODUKTÓW, CZAS) VALUES(6, 6, 873, TO_DATE('2018-06-08 03:30', 'YYYY-MM-DD HH24:MI'));
INSERT INTO MAGAZYN(ID_ODDZIAŁU, ID_PRODUKTU, LICZBA_PRODUKTÓW, CZAS) VALUES(7, 7, 5194, TO_DATE('2018-06-08 03:30', 'YYYY-MM-DD HH24:MI'));
INSERT INTO MAGAZYN(ID_ODDZIAŁU, ID_PRODUKTU, LICZBA_PRODUKTÓW, CZAS) VALUES(6, 8, 4551, TO_DATE('2018-06-08 03:30', 'YYYY-MM-DD HH24:MI'));
INSERT INTO MAGAZYN(ID_ODDZIAŁU, ID_PRODUKTU, LICZBA_PRODUKTÓW, CZAS) VALUES(9, 9, 9579, TO_DATE('2018-06-08 03:30', 'YYYY-MM-DD HH24:MI'));
INSERT INTO MAGAZYN(ID_ODDZIAŁU, ID_PRODUKTU, LICZBA_PRODUKTÓW, CZAS) VALUES(5, 10, 1453, TO_DATE('2018-06-08 03:30', 'YYYY-MM-DD HH24:MI'));
INSERT INTO MAGAZYN(ID_ODDZIAŁU, ID_PRODUKTU, LICZBA_PRODUKTÓW, CZAS) VALUES(3, 11, 1607, TO_DATE('2018-06-08 03:30', 'YYYY-MM-DD HH24:MI'));
INSERT INTO MAGAZYN(ID_ODDZIAŁU, ID_PRODUKTU, LICZBA_PRODUKTÓW, CZAS) VALUES(10, 12, 6569, TO_DATE('2018-06-08 03:30', 'YYYY-MM-DD HH24:MI'));
INSERT INTO MAGAZYN(ID_ODDZIAŁU, ID_PRODUKTU, LICZBA_PRODUKTÓW, CZAS) VALUES(10, 13, 9007, TO_DATE('2018-06-08 03:30', 'YYYY-MM-DD HH24:MI'));
INSERT INTO MAGAZYN(ID_ODDZIAŁU, ID_PRODUKTU, LICZBA_PRODUKTÓW, CZAS) VALUES(9, 14, 7149, TO_DATE('2018-06-08 03:30', 'YYYY-MM-DD HH24:MI'));
INSERT INTO MAGAZYN(ID_ODDZIAŁU, ID_PRODUKTU, LICZBA_PRODUKTÓW, CZAS) VALUES(6, 15, 3137, TO_DATE('2018-06-08 03:30', 'YYYY-MM-DD HH24:MI'));
INSERT INTO MAGAZYN(ID_ODDZIAŁU, ID_PRODUKTU, LICZBA_PRODUKTÓW, CZAS) VALUES(10, 16, 5728, TO_DATE('2018-06-08 03:30', 'YYYY-MM-DD HH24:MI'));
INSERT INTO MAGAZYN(ID_ODDZIAŁU, ID_PRODUKTU, LICZBA_PRODUKTÓW, CZAS) VALUES(10, 17, 1860, TO_DATE('2018-06-08 03:30', 'YYYY-MM-DD HH24:MI'));
INSERT INTO MAGAZYN(ID_ODDZIAŁU, ID_PRODUKTU, LICZBA_PRODUKTÓW, CZAS) VALUES(6, 18, 8855, TO_DATE('2018-06-08 03:30', 'YYYY-MM-DD HH24:MI'));
INSERT INTO MAGAZYN(ID_ODDZIAŁU, ID_PRODUKTU, LICZBA_PRODUKTÓW, CZAS) VALUES(1, 19, 2654, TO_DATE('2018-06-08 03:30', 'YYYY-MM-DD HH24:MI'));
INSERT INTO SPRZEDAŻ(ID_REKLAMACJI, ID_OCENY, ID_PRODUKTU, ID_PRACOWNIKA, LICZBA_PRODUKTÓW, CZAS, ZYSK, NUMER_TRANSAKCJI) VALUES(2, 2, 18, 2, 5, TO_DATE('2018-02-08 12:03', 'YYYY-MM-DD HH24:MI'), 431, 1);
INSERT INTO SPRZEDAŻ(ID_REKLAMACJI, ID_OCENY, ID_PRODUKTU, ID_PRACOWNIKA, LICZBA_PRODUKTÓW, CZAS, ZYSK, NUMER_TRANSAKCJI) VALUES(3, 2, 21, 13, 3, TO_DATE('2018-02-08 12:03', 'YYYY-MM-DD HH24:MI'), 358, 2);
INSERT INTO SPRZEDAŻ(ID_REKLAMACJI, ID_OCENY, ID_PRODUKTU, ID_PRACOWNIKA, LICZBA_PRODUKTÓW, CZAS, ZYSK, NUMER_TRANSAKCJI) VALUES(3, 3, 25, 18, 9, TO_DATE('2018-02-08 12:03', 'YYYY-MM-DD HH24:MI'), 391, 3);
INSERT INTO SPRZEDAŻ(ID_REKLAMACJI, ID_OCENY, ID_PRODUKTU, ID_PRACOWNIKA, LICZBA_PRODUKTÓW, CZAS, ZYSK, NUMER_TRANSAKCJI) VALUES(1, 2, 30, 9, 5, TO_DATE('2018-02-08 12:03', 'YYYY-MM-DD HH24:MI'), 298, 4);
INSERT INTO SPRZEDAŻ(ID_REKLAMACJI, ID_OCENY, ID_PRODUKTU, ID_PRACOWNIKA, LICZBA_PRODUKTÓW, CZAS, ZYSK, NUMER_TRANSAKCJI) VALUES(1, 2, 7, 12, 6, TO_DATE('2018-02-08 12:03', 'YYYY-MM-DD HH24:MI'), 504, 5);
INSERT INTO SPRZEDAŻ(ID_REKLAMACJI, ID_OCENY, ID_PRODUKTU, ID_PRACOWNIKA, LICZBA_PRODUKTÓW, CZAS, ZYSK, NUMER_TRANSAKCJI) VALUES(1, 3, 27, 18, 10, TO_DATE('2018-02-08 12:03', 'YYYY-MM-DD HH24:MI'), 511, 6);
INSERT INTO SPRZEDAŻ(ID_REKLAMACJI, ID_OCENY, ID_PRODUKTU, ID_PRACOWNIKA, LICZBA_PRODUKTÓW, CZAS, ZYSK, NUMER_TRANSAKCJI) VALUES(1, 1, 20, 15, 6, TO_DATE('2018-02-08 12:03', 'YYYY-MM-DD HH24:MI'), 426, 7);
INSERT INTO SPRZEDAŻ(ID_REKLAMACJI, ID_OCENY, ID_PRODUKTU, ID_PRACOWNIKA, LICZBA_PRODUKTÓW, CZAS, ZYSK, NUMER_TRANSAKCJI) VALUES(2, 2, 29, 10, 6, TO_DATE('2018-02-08 12:03', 'YYYY-MM-DD HH24:MI'), 15, 8);
INSERT INTO SPRZEDAŻ(ID_REKLAMACJI, ID_OCENY, ID_PRODUKTU, ID_PRACOWNIKA, LICZBA_PRODUKTÓW, CZAS, ZYSK, NUMER_TRANSAKCJI) VALUES(1, 2, 15, 16, 7, TO_DATE('2018-02-08 12:03', 'YYYY-MM-DD HH24:MI'), 263, 9);
INSERT INTO SPRZEDAŻ(ID_REKLAMACJI, ID_OCENY, ID_PRODUKTU, ID_PRACOWNIKA, LICZBA_PRODUKTÓW, CZAS, ZYSK, NUMER_TRANSAKCJI) VALUES(2, 1, 14, 19, 8, TO_DATE('2018-02-08 12:03', 'YYYY-MM-DD HH24:MI'), 213, 10);
INSERT INTO SPRZEDAŻ(ID_REKLAMACJI, ID_OCENY, ID_PRODUKTU, ID_PRACOWNIKA, LICZBA_PRODUKTÓW, CZAS, ZYSK, NUMER_TRANSAKCJI) VALUES(2, 3, 28, 11, 4, TO_DATE('2018-02-08 12:03', 'YYYY-MM-DD HH24:MI'), 231, 11);
INSERT INTO SPRZEDAŻ(ID_REKLAMACJI, ID_OCENY, ID_PRODUKTU, ID_PRACOWNIKA, LICZBA_PRODUKTÓW, CZAS, ZYSK, NUMER_TRANSAKCJI) VALUES(3, 3, 3, 1, 8, TO_DATE('2018-02-08 12:03', 'YYYY-MM-DD HH24:MI'), 291, 12);
INSERT INTO SPRZEDAŻ(ID_REKLAMACJI, ID_OCENY, ID_PRODUKTU, ID_PRACOWNIKA, LICZBA_PRODUKTÓW, CZAS, ZYSK, NUMER_TRANSAKCJI) VALUES(1, 1, 11, 6, 6, TO_DATE('2018-02-08 12:03', 'YYYY-MM-DD HH24:MI'), 522, 13);
INSERT INTO SPRZEDAŻ(ID_REKLAMACJI, ID_OCENY, ID_PRODUKTU, ID_PRACOWNIKA, LICZBA_PRODUKTÓW, CZAS, ZYSK, NUMER_TRANSAKCJI) VALUES(3, 1, 28, 10, 10, TO_DATE('2018-02-08 12:03', 'YYYY-MM-DD HH24:MI'), 239, 14);
INSERT INTO SPRZEDAŻ(ID_REKLAMACJI, ID_OCENY, ID_PRODUKTU, ID_PRACOWNIKA, LICZBA_PRODUKTÓW, CZAS, ZYSK, NUMER_TRANSAKCJI) VALUES(1, 1, 22, 19, 1, TO_DATE('2018-02-08 12:03', 'YYYY-MM-DD HH24:MI'), 131, 15);
INSERT INTO SPRZEDAŻ(ID_REKLAMACJI, ID_OCENY, ID_PRODUKTU, ID_PRACOWNIKA, LICZBA_PRODUKTÓW, CZAS, ZYSK, NUMER_TRANSAKCJI) VALUES(2, 3, 13, 15, 7, TO_DATE('2018-02-08 12:03', 'YYYY-MM-DD HH24:MI'), 420, 16);
INSERT INTO SPRZEDAŻ(ID_REKLAMACJI, ID_OCENY, ID_PRODUKTU, ID_PRACOWNIKA, LICZBA_PRODUKTÓW, CZAS, ZYSK, NUMER_TRANSAKCJI) VALUES(2, 1, 19, 13, 3, TO_DATE('2018-02-08 12:03', 'YYYY-MM-DD HH24:MI'), 293, 17);
INSERT INTO SPRZEDAŻ(ID_REKLAMACJI, ID_OCENY, ID_PRODUKTU, ID_PRACOWNIKA, LICZBA_PRODUKTÓW, CZAS, ZYSK, NUMER_TRANSAKCJI) VALUES(1, 1, 9, 16, 5, TO_DATE('2018-02-08 12:03', 'YYYY-MM-DD HH24:MI'), 404, 18);
INSERT INTO SPRZEDAŻ(ID_REKLAMACJI, ID_OCENY, ID_PRODUKTU, ID_PRACOWNIKA, LICZBA_PRODUKTÓW, CZAS, ZYSK, NUMER_TRANSAKCJI) VALUES(2, 3, 2, 19, 6, TO_DATE('2018-02-08 12:03', 'YYYY-MM-DD HH24:MI'), 290, 19);
INSERT INTO SPRZEDAŻ(ID_REKLAMACJI, ID_OCENY, ID_PRODUKTU, ID_PRACOWNIKA, LICZBA_PRODUKTÓW, CZAS, ZYSK, NUMER_TRANSAKCJI) VALUES(2, 1, 30, 18, 8, TO_DATE('2018-02-08 12:03', 'YYYY-MM-DD HH24:MI'), 217, 20);
INSERT INTO SPRZEDAŻ(ID_REKLAMACJI, ID_OCENY, ID_PRODUKTU, ID_PRACOWNIKA, LICZBA_PRODUKTÓW, CZAS, ZYSK, NUMER_TRANSAKCJI) VALUES(2, 2, 19, 3, 7, TO_DATE('2018-02-08 12:03', 'YYYY-MM-DD HH24:MI'), 95, 21);
INSERT INTO SPRZEDAŻ(ID_REKLAMACJI, ID_OCENY, ID_PRODUKTU, ID_PRACOWNIKA, LICZBA_PRODUKTÓW, CZAS, ZYSK, NUMER_TRANSAKCJI) VALUES(3, 2, 18, 1, 8, TO_DATE('2018-02-08 12:03', 'YYYY-MM-DD HH24:MI'), 134, 22);
INSERT INTO SPRZEDAŻ(ID_REKLAMACJI, ID_OCENY, ID_PRODUKTU, ID_PRACOWNIKA, LICZBA_PRODUKTÓW, CZAS, ZYSK, NUMER_TRANSAKCJI) VALUES(1, 3, 8, 7, 10, TO_DATE('2018-02-08 12:03', 'YYYY-MM-DD HH24:MI'), 101, 23);
INSERT INTO SPRZEDAŻ(ID_REKLAMACJI, ID_OCENY, ID_PRODUKTU, ID_PRACOWNIKA, LICZBA_PRODUKTÓW, CZAS, ZYSK, NUMER_TRANSAKCJI) VALUES(3, 3, 6, 15, 7, TO_DATE('2018-02-08 12:03', 'YYYY-MM-DD HH24:MI'), 132, 24);
INSERT INTO SPRZEDAŻ(ID_REKLAMACJI, ID_OCENY, ID_PRODUKTU, ID_PRACOWNIKA, LICZBA_PRODUKTÓW, CZAS, ZYSK, NUMER_TRANSAKCJI) VALUES(1, 3, 20, 17, 3, TO_DATE('2018-02-08 12:03', 'YYYY-MM-DD HH24:MI'), 401, 25);
INSERT INTO SPRZEDAŻ(ID_REKLAMACJI, ID_OCENY, ID_PRODUKTU, ID_PRACOWNIKA, LICZBA_PRODUKTÓW, CZAS, ZYSK, NUMER_TRANSAKCJI) VALUES(1, 1, 9, 4, 10, TO_DATE('2018-02-08 12:03', 'YYYY-MM-DD HH24:MI'), 308, 26);
INSERT INTO SPRZEDAŻ(ID_REKLAMACJI, ID_OCENY, ID_PRODUKTU, ID_PRACOWNIKA, LICZBA_PRODUKTÓW, CZAS, ZYSK, NUMER_TRANSAKCJI) VALUES(2, 1, 3, 5, 1, TO_DATE('2018-02-08 12:03', 'YYYY-MM-DD HH24:MI'), 457, 27);
INSERT INTO SPRZEDAŻ(ID_REKLAMACJI, ID_OCENY, ID_PRODUKTU, ID_PRACOWNIKA, LICZBA_PRODUKTÓW, CZAS, ZYSK, NUMER_TRANSAKCJI) VALUES(2, 3, 26, 13, 1, TO_DATE('2018-02-08 12:03', 'YYYY-MM-DD HH24:MI'), 380, 28);
INSERT INTO SPRZEDAŻ(ID_REKLAMACJI, ID_OCENY, ID_PRODUKTU, ID_PRACOWNIKA, LICZBA_PRODUKTÓW, CZAS, ZYSK, NUMER_TRANSAKCJI) VALUES(2, 1, 25, 4, 7, TO_DATE('2018-02-08 12:03', 'YYYY-MM-DD HH24:MI'), 29, 29);
INSERT INTO SPRZEDAŻ(ID_REKLAMACJI, ID_OCENY, ID_PRODUKTU, ID_PRACOWNIKA, LICZBA_PRODUKTÓW, CZAS, ZYSK, NUMER_TRANSAKCJI) VALUES(3, 2, 2, 1, 9, TO_DATE('2018-02-08 12:03', 'YYYY-MM-DD HH24:MI'), 57, 30);
INSERT INTO SPRZEDAŻ(ID_REKLAMACJI, ID_OCENY, ID_PRODUKTU, ID_PRACOWNIKA, LICZBA_PRODUKTÓW, CZAS, ZYSK, NUMER_TRANSAKCJI) VALUES(3, 3, 29, 5, 6, TO_DATE('2018-02-08 12:03', 'YYYY-MM-DD HH24:MI'), 379, 31);
INSERT INTO SPRZEDAŻ(ID_REKLAMACJI, ID_OCENY, ID_PRODUKTU, ID_PRACOWNIKA, LICZBA_PRODUKTÓW, CZAS, ZYSK, NUMER_TRANSAKCJI) VALUES(3, 3, 15, 8, 8, TO_DATE('2018-02-08 12:03', 'YYYY-MM-DD HH24:MI'), 203, 32);
INSERT INTO SPRZEDAŻ(ID_REKLAMACJI, ID_OCENY, ID_PRODUKTU, ID_PRACOWNIKA, LICZBA_PRODUKTÓW, CZAS, ZYSK, NUMER_TRANSAKCJI) VALUES(1, 3, 23, 15, 8, TO_DATE('2018-02-08 12:03', 'YYYY-MM-DD HH24:MI'), 560, 33);
INSERT INTO SPRZEDAŻ(ID_REKLAMACJI, ID_OCENY, ID_PRODUKTU, ID_PRACOWNIKA, LICZBA_PRODUKTÓW, CZAS, ZYSK, NUMER_TRANSAKCJI) VALUES(1, 3, 7, 16, 3, TO_DATE('2018-02-08 12:03', 'YYYY-MM-DD HH24:MI'), 216, 34);
INSERT INTO SPRZEDAŻ(ID_REKLAMACJI, ID_OCENY, ID_PRODUKTU, ID_PRACOWNIKA, LICZBA_PRODUKTÓW, CZAS, ZYSK, NUMER_TRANSAKCJI) VALUES(1, 1, 17, 14, 7, TO_DATE('2018-02-08 12:03', 'YYYY-MM-DD HH24:MI'), 122, 35);
INSERT INTO SPRZEDAŻ(ID_REKLAMACJI, ID_OCENY, ID_PRODUKTU, ID_PRACOWNIKA, LICZBA_PRODUKTÓW, CZAS, ZYSK, NUMER_TRANSAKCJI) VALUES(1, 2, 27, 8, 4, TO_DATE('2018-02-08 12:03', 'YYYY-MM-DD HH24:MI'), 146, 36);
INSERT INTO SPRZEDAŻ(ID_REKLAMACJI, ID_OCENY, ID_PRODUKTU, ID_PRACOWNIKA, LICZBA_PRODUKTÓW, CZAS, ZYSK, NUMER_TRANSAKCJI) VALUES(1, 2, 10, 7, 7, TO_DATE('2018-02-08 12:03', 'YYYY-MM-DD HH24:MI'), 348, 37);
INSERT INTO SPRZEDAŻ(ID_REKLAMACJI, ID_OCENY, ID_PRODUKTU, ID_PRACOWNIKA, LICZBA_PRODUKTÓW, CZAS, ZYSK, NUMER_TRANSAKCJI) VALUES(1, 1, 12, 20, 2, TO_DATE('2018-02-08 12:03', 'YYYY-MM-DD HH24:MI'), 138, 38);
INSERT INTO SPRZEDAŻ(ID_REKLAMACJI, ID_OCENY, ID_PRODUKTU, ID_PRACOWNIKA, LICZBA_PRODUKTÓW, CZAS, ZYSK, NUMER_TRANSAKCJI) VALUES(2, 2, 21, 16, 6, TO_DATE('2018-02-08 12:03', 'YYYY-MM-DD HH24:MI'), 329, 39);
INSERT INTO SPRZEDAŻ(ID_REKLAMACJI, ID_OCENY, ID_PRODUKTU, ID_PRACOWNIKA, LICZBA_PRODUKTÓW, CZAS, ZYSK, NUMER_TRANSAKCJI) VALUES(3, 3, 26, 2, 1, TO_DATE('2018-02-08 12:03', 'YYYY-MM-DD HH24:MI'), 290, 40);
INSERT INTO SPRZEDAŻ(ID_REKLAMACJI, ID_OCENY, ID_PRODUKTU, ID_PRACOWNIKA, LICZBA_PRODUKTÓW, CZAS, ZYSK, NUMER_TRANSAKCJI) VALUES(1, 2, 10, 10, 7, TO_DATE('2018-02-08 12:03', 'YYYY-MM-DD HH24:MI'), 215, 41);
INSERT INTO SPRZEDAŻ(ID_REKLAMACJI, ID_OCENY, ID_PRODUKTU, ID_PRACOWNIKA, LICZBA_PRODUKTÓW, CZAS, ZYSK, NUMER_TRANSAKCJI) VALUES(2, 3, 28, 7, 10, TO_DATE('2018-02-08 12:03', 'YYYY-MM-DD HH24:MI'), 600, 42);
INSERT INTO SPRZEDAŻ(ID_REKLAMACJI, ID_OCENY, ID_PRODUKTU, ID_PRACOWNIKA, LICZBA_PRODUKTÓW, CZAS, ZYSK, NUMER_TRANSAKCJI) VALUES(1, 1, 29, 8, 6, TO_DATE('2018-02-08 12:03', 'YYYY-MM-DD HH24:MI'), 519, 43);
INSERT INTO SPRZEDAŻ(ID_REKLAMACJI, ID_OCENY, ID_PRODUKTU, ID_PRACOWNIKA, LICZBA_PRODUKTÓW, CZAS, ZYSK, NUMER_TRANSAKCJI) VALUES(1, 2, 25, 3, 7, TO_DATE('2018-02-08 12:03', 'YYYY-MM-DD HH24:MI'), 240, 44);
INSERT INTO SPRZEDAŻ(ID_REKLAMACJI, ID_OCENY, ID_PRODUKTU, ID_PRACOWNIKA, LICZBA_PRODUKTÓW, CZAS, ZYSK, NUMER_TRANSAKCJI) VALUES(2, 3, 27, 1, 5, TO_DATE('2018-02-08 12:03', 'YYYY-MM-DD HH24:MI'), 81, 45);
INSERT INTO SPRZEDAŻ(ID_REKLAMACJI, ID_OCENY, ID_PRODUKTU, ID_PRACOWNIKA, LICZBA_PRODUKTÓW, CZAS, ZYSK, NUMER_TRANSAKCJI) VALUES(1, 3, 8, 14, 9, TO_DATE('2018-02-08 12:03', 'YYYY-MM-DD HH24:MI'), 133, 46);
INSERT INTO SPRZEDAŻ(ID_REKLAMACJI, ID_OCENY, ID_PRODUKTU, ID_PRACOWNIKA, LICZBA_PRODUKTÓW, CZAS, ZYSK, NUMER_TRANSAKCJI) VALUES(3, 3, 22, 10, 4, TO_DATE('2018-02-08 12:03', 'YYYY-MM-DD HH24:MI'), 193, 47);
INSERT INTO SPRZEDAŻ(ID_REKLAMACJI, ID_OCENY, ID_PRODUKTU, ID_PRACOWNIKA, LICZBA_PRODUKTÓW, CZAS, ZYSK, NUMER_TRANSAKCJI) VALUES(2, 2, 21, 3, 6, TO_DATE('2018-02-08 12:03', 'YYYY-MM-DD HH24:MI'), 463, 48);
INSERT INTO SPRZEDAŻ(ID_REKLAMACJI, ID_OCENY, ID_PRODUKTU, ID_PRACOWNIKA, LICZBA_PRODUKTÓW, CZAS, ZYSK, NUMER_TRANSAKCJI) VALUES(1, 3, 9, 10, 6, TO_DATE('2018-02-08 12:03', 'YYYY-MM-DD HH24:MI'), 489, 49);
INSERT INTO SPRZEDAŻ(ID_REKLAMACJI, ID_OCENY, ID_PRODUKTU, ID_PRACOWNIKA, LICZBA_PRODUKTÓW, CZAS, ZYSK, NUMER_TRANSAKCJI) VALUES(2, 2, 1, 15, 5, TO_DATE('2018-02-08 12:03', 'YYYY-MM-DD HH24:MI'), 552, 50);
INSERT INTO SPRZEDAŻ(ID_REKLAMACJI, ID_OCENY, ID_PRODUKTU, ID_PRACOWNIKA, LICZBA_PRODUKTÓW, CZAS, ZYSK, NUMER_TRANSAKCJI) VALUES(2, 2, 2, 4, 1, TO_DATE('2018-02-08 12:03', 'YYYY-MM-DD HH24:MI'), 26, 51);
INSERT INTO SPRZEDAŻ(ID_REKLAMACJI, ID_OCENY, ID_PRODUKTU, ID_PRACOWNIKA, LICZBA_PRODUKTÓW, CZAS, ZYSK, NUMER_TRANSAKCJI) VALUES(3, 2, 25, 2, 3, TO_DATE('2018-02-08 12:03', 'YYYY-MM-DD HH24:MI'), 329, 52);
INSERT INTO SPRZEDAŻ(ID_REKLAMACJI, ID_OCENY, ID_PRODUKTU, ID_PRACOWNIKA, LICZBA_PRODUKTÓW, CZAS, ZYSK, NUMER_TRANSAKCJI) VALUES(2, 2, 19, 4, 7, TO_DATE('2018-02-08 12:03', 'YYYY-MM-DD HH24:MI'), 90, 53);
INSERT INTO SPRZEDAŻ(ID_REKLAMACJI, ID_OCENY, ID_PRODUKTU, ID_PRACOWNIKA, LICZBA_PRODUKTÓW, CZAS, ZYSK, NUMER_TRANSAKCJI) VALUES(3, 2, 16, 7, 5, TO_DATE('2018-02-08 12:03', 'YYYY-MM-DD HH24:MI'), 82, 54);
INSERT INTO SPRZEDAŻ(ID_REKLAMACJI, ID_OCENY, ID_PRODUKTU, ID_PRACOWNIKA, LICZBA_PRODUKTÓW, CZAS, ZYSK, NUMER_TRANSAKCJI) VALUES(3, 3, 1, 10, 9, TO_DATE('2018-02-08 12:03', 'YYYY-MM-DD HH24:MI'), 247, 55);
INSERT INTO SPRZEDAŻ(ID_REKLAMACJI, ID_OCENY, ID_PRODUKTU, ID_PRACOWNIKA, LICZBA_PRODUKTÓW, CZAS, ZYSK, NUMER_TRANSAKCJI) VALUES(1, 3, 30, 20, 4, TO_DATE('2018-02-08 12:03', 'YYYY-MM-DD HH24:MI'), 336, 56);
INSERT INTO SPRZEDAŻ(ID_REKLAMACJI, ID_OCENY, ID_PRODUKTU, ID_PRACOWNIKA, LICZBA_PRODUKTÓW, CZAS, ZYSK, NUMER_TRANSAKCJI) VALUES(2, 2, 19, 16, 5, TO_DATE('2018-02-08 12:03', 'YYYY-MM-DD HH24:MI'), 504, 57);
INSERT INTO SPRZEDAŻ(ID_REKLAMACJI, ID_OCENY, ID_PRODUKTU, ID_PRACOWNIKA, LICZBA_PRODUKTÓW, CZAS, ZYSK, NUMER_TRANSAKCJI) VALUES(2, 3, 20, 12, 6, TO_DATE('2018-02-08 12:03', 'YYYY-MM-DD HH24:MI'), 469, 58);
INSERT INTO SPRZEDAŻ(ID_REKLAMACJI, ID_OCENY, ID_PRODUKTU, ID_PRACOWNIKA, LICZBA_PRODUKTÓW, CZAS, ZYSK, NUMER_TRANSAKCJI) VALUES(1, 1, 14, 8, 10, TO_DATE('2018-02-08 12:03', 'YYYY-MM-DD HH24:MI'), 98, 59);
INSERT INTO SPRZEDAŻ(ID_REKLAMACJI, ID_OCENY, ID_PRODUKTU, ID_PRACOWNIKA, LICZBA_PRODUKTÓW, CZAS, ZYSK, NUMER_TRANSAKCJI) VALUES(2, 3, 13, 18, 2, TO_DATE('2018-02-08 12:03', 'YYYY-MM-DD HH24:MI'), 508, 60);
INSERT INTO SPRZEDAŻ(ID_REKLAMACJI, ID_OCENY, ID_PRODUKTU, ID_PRACOWNIKA, LICZBA_PRODUKTÓW, CZAS, ZYSK, NUMER_TRANSAKCJI) VALUES(1, 2, 19, 4, 9, TO_DATE('2018-02-08 12:03', 'YYYY-MM-DD HH24:MI'), 309, 61);
INSERT INTO SPRZEDAŻ(ID_REKLAMACJI, ID_OCENY, ID_PRODUKTU, ID_PRACOWNIKA, LICZBA_PRODUKTÓW, CZAS, ZYSK, NUMER_TRANSAKCJI) VALUES(1, 2, 10, 2, 2, TO_DATE('2018-02-08 12:03', 'YYYY-MM-DD HH24:MI'), 31, 62);
INSERT INTO SPRZEDAŻ(ID_REKLAMACJI, ID_OCENY, ID_PRODUKTU, ID_PRACOWNIKA, LICZBA_PRODUKTÓW, CZAS, ZYSK, NUMER_TRANSAKCJI) VALUES(1, 2, 11, 8, 1, TO_DATE('2018-02-08 12:03', 'YYYY-MM-DD HH24:MI'), 547, 63);
INSERT INTO SPRZEDAŻ(ID_REKLAMACJI, ID_OCENY, ID_PRODUKTU, ID_PRACOWNIKA, LICZBA_PRODUKTÓW, CZAS, ZYSK, NUMER_TRANSAKCJI) VALUES(3, 2, 3, 13, 2, TO_DATE('2018-02-08 12:03', 'YYYY-MM-DD HH24:MI'), 119, 64);
INSERT INTO SPRZEDAŻ(ID_REKLAMACJI, ID_OCENY, ID_PRODUKTU, ID_PRACOWNIKA, LICZBA_PRODUKTÓW, CZAS, ZYSK, NUMER_TRANSAKCJI) VALUES(1, 1, 3, 10, 3, TO_DATE('2018-02-08 12:03', 'YYYY-MM-DD HH24:MI'), 97, 65);
INSERT INTO SPRZEDAŻ(ID_REKLAMACJI, ID_OCENY, ID_PRODUKTU, ID_PRACOWNIKA, LICZBA_PRODUKTÓW, CZAS, ZYSK, NUMER_TRANSAKCJI) VALUES(3, 1, 14, 19, 5, TO_DATE('2018-02-08 12:03', 'YYYY-MM-DD HH24:MI'), 506, 66);
INSERT INTO SPRZEDAŻ(ID_REKLAMACJI, ID_OCENY, ID_PRODUKTU, ID_PRACOWNIKA, LICZBA_PRODUKTÓW, CZAS, ZYSK, NUMER_TRANSAKCJI) VALUES(1, 3, 15, 17, 4, TO_DATE('2018-02-08 12:03', 'YYYY-MM-DD HH24:MI'), 529, 67);
INSERT INTO SPRZEDAŻ(ID_REKLAMACJI, ID_OCENY, ID_PRODUKTU, ID_PRACOWNIKA, LICZBA_PRODUKTÓW, CZAS, ZYSK, NUMER_TRANSAKCJI) VALUES(3, 2, 17, 19, 6, TO_DATE('2018-02-08 12:03', 'YYYY-MM-DD HH24:MI'), 577, 68);
INSERT INTO SPRZEDAŻ(ID_REKLAMACJI, ID_OCENY, ID_PRODUKTU, ID_PRACOWNIKA, LICZBA_PRODUKTÓW, CZAS, ZYSK, NUMER_TRANSAKCJI) VALUES(1, 3, 11, 8, 1, TO_DATE('2018-02-08 12:03', 'YYYY-MM-DD HH24:MI'), 26, 69);
INSERT INTO SPRZEDAŻ(ID_REKLAMACJI, ID_OCENY, ID_PRODUKTU, ID_PRACOWNIKA, LICZBA_PRODUKTÓW, CZAS, ZYSK, NUMER_TRANSAKCJI) VALUES(2, 2, 18, 7, 2, TO_DATE('2018-02-08 12:03', 'YYYY-MM-DD HH24:MI'), 310, 70);
INSERT INTO SPRZEDAŻ(ID_REKLAMACJI, ID_OCENY, ID_PRODUKTU, ID_PRACOWNIKA, LICZBA_PRODUKTÓW, CZAS, ZYSK, NUMER_TRANSAKCJI) VALUES(3, 3, 4, 6, 7, TO_DATE('2018-02-08 12:03', 'YYYY-MM-DD HH24:MI'), 248, 71);
INSERT INTO SPRZEDAŻ(ID_REKLAMACJI, ID_OCENY, ID_PRODUKTU, ID_PRACOWNIKA, LICZBA_PRODUKTÓW, CZAS, ZYSK, NUMER_TRANSAKCJI) VALUES(2, 3, 12, 19, 10, TO_DATE('2018-02-08 12:03', 'YYYY-MM-DD HH24:MI'), 306, 72);
INSERT INTO SPRZEDAŻ(ID_REKLAMACJI, ID_OCENY, ID_PRODUKTU, ID_PRACOWNIKA, LICZBA_PRODUKTÓW, CZAS, ZYSK, NUMER_TRANSAKCJI) VALUES(2, 2, 2, 11, 3, TO_DATE('2018-02-08 12:03', 'YYYY-MM-DD HH24:MI'), 102, 73);
INSERT INTO SPRZEDAŻ(ID_REKLAMACJI, ID_OCENY, ID_PRODUKTU, ID_PRACOWNIKA, LICZBA_PRODUKTÓW, CZAS, ZYSK, NUMER_TRANSAKCJI) VALUES(3, 3, 16, 7, 3, TO_DATE('2018-02-08 12:03', 'YYYY-MM-DD HH24:MI'), 593, 74);
INSERT INTO SPRZEDAŻ(ID_REKLAMACJI, ID_OCENY, ID_PRODUKTU, ID_PRACOWNIKA, LICZBA_PRODUKTÓW, CZAS, ZYSK, NUMER_TRANSAKCJI) VALUES(3, 1, 6, 18, 8, TO_DATE('2018-02-08 12:03', 'YYYY-MM-DD HH24:MI'), 211, 75);
INSERT INTO SPRZEDAŻ(ID_REKLAMACJI, ID_OCENY, ID_PRODUKTU, ID_PRACOWNIKA, LICZBA_PRODUKTÓW, CZAS, ZYSK, NUMER_TRANSAKCJI) VALUES(1, 2, 25, 8, 4, TO_DATE('2018-02-08 12:03', 'YYYY-MM-DD HH24:MI'), 298, 76);
INSERT INTO SPRZEDAŻ(ID_REKLAMACJI, ID_OCENY, ID_PRODUKTU, ID_PRACOWNIKA, LICZBA_PRODUKTÓW, CZAS, ZYSK, NUMER_TRANSAKCJI) VALUES(3, 3, 6, 15, 4, TO_DATE('2018-02-08 12:03', 'YYYY-MM-DD HH24:MI'), 9, 77);
INSERT INTO SPRZEDAŻ(ID_REKLAMACJI, ID_OCENY, ID_PRODUKTU, ID_PRACOWNIKA, LICZBA_PRODUKTÓW, CZAS, ZYSK, NUMER_TRANSAKCJI) VALUES(3, 3, 22, 16, 9, TO_DATE('2018-02-08 12:03', 'YYYY-MM-DD HH24:MI'), 233, 78);
INSERT INTO SPRZEDAŻ(ID_REKLAMACJI, ID_OCENY, ID_PRODUKTU, ID_PRACOWNIKA, LICZBA_PRODUKTÓW, CZAS, ZYSK, NUMER_TRANSAKCJI) VALUES(2, 3, 15, 11, 10, TO_DATE('2018-02-08 12:03', 'YYYY-MM-DD HH24:MI'), 587, 79);
INSERT INTO SPRZEDAŻ(ID_REKLAMACJI, ID_OCENY, ID_PRODUKTU, ID_PRACOWNIKA, LICZBA_PRODUKTÓW, CZAS, ZYSK, NUMER_TRANSAKCJI) VALUES(2, 3, 7, 8, 6, TO_DATE('2018-02-08 12:03', 'YYYY-MM-DD HH24:MI'), 446, 80);
INSERT INTO SPRZEDAŻ(ID_REKLAMACJI, ID_OCENY, ID_PRODUKTU, ID_PRACOWNIKA, LICZBA_PRODUKTÓW, CZAS, ZYSK, NUMER_TRANSAKCJI) VALUES(3, 1, 9, 10, 7, TO_DATE('2018-02-08 12:03', 'YYYY-MM-DD HH24:MI'), 392, 81);
INSERT INTO SPRZEDAŻ(ID_REKLAMACJI, ID_OCENY, ID_PRODUKTU, ID_PRACOWNIKA, LICZBA_PRODUKTÓW, CZAS, ZYSK, NUMER_TRANSAKCJI) VALUES(2, 2, 29, 2, 6, TO_DATE('2018-02-08 12:03', 'YYYY-MM-DD HH24:MI'), 256, 82);
INSERT INTO SPRZEDAŻ(ID_REKLAMACJI, ID_OCENY, ID_PRODUKTU, ID_PRACOWNIKA, LICZBA_PRODUKTÓW, CZAS, ZYSK, NUMER_TRANSAKCJI) VALUES(2, 3, 9, 17, 2, TO_DATE('2018-02-08 12:03', 'YYYY-MM-DD HH24:MI'), 323, 83);
INSERT INTO SPRZEDAŻ(ID_REKLAMACJI, ID_OCENY, ID_PRODUKTU, ID_PRACOWNIKA, LICZBA_PRODUKTÓW, CZAS, ZYSK, NUMER_TRANSAKCJI) VALUES(1, 1, 3, 19, 7, TO_DATE('2018-02-08 12:03', 'YYYY-MM-DD HH24:MI'), 476, 84);
INSERT INTO SPRZEDAŻ(ID_REKLAMACJI, ID_OCENY, ID_PRODUKTU, ID_PRACOWNIKA, LICZBA_PRODUKTÓW, CZAS, ZYSK, NUMER_TRANSAKCJI) VALUES(3, 2, 17, 8, 2, TO_DATE('2018-02-08 12:03', 'YYYY-MM-DD HH24:MI'), 415, 85);
INSERT INTO SPRZEDAŻ(ID_REKLAMACJI, ID_OCENY, ID_PRODUKTU, ID_PRACOWNIKA, LICZBA_PRODUKTÓW, CZAS, ZYSK, NUMER_TRANSAKCJI) VALUES(1, 3, 1, 19, 9, TO_DATE('2018-02-08 12:03', 'YYYY-MM-DD HH24:MI'), 328, 86);
INSERT INTO SPRZEDAŻ(ID_REKLAMACJI, ID_OCENY, ID_PRODUKTU, ID_PRACOWNIKA, LICZBA_PRODUKTÓW, CZAS, ZYSK, NUMER_TRANSAKCJI) VALUES(3, 2, 16, 9, 1, TO_DATE('2018-02-08 12:03', 'YYYY-MM-DD HH24:MI'), 260, 87);
INSERT INTO SPRZEDAŻ(ID_REKLAMACJI, ID_OCENY, ID_PRODUKTU, ID_PRACOWNIKA, LICZBA_PRODUKTÓW, CZAS, ZYSK, NUMER_TRANSAKCJI) VALUES(2, 3, 21, 9, 9, TO_DATE('2018-02-08 12:03', 'YYYY-MM-DD HH24:MI'), 25, 88);
INSERT INTO SPRZEDAŻ(ID_REKLAMACJI, ID_OCENY, ID_PRODUKTU, ID_PRACOWNIKA, LICZBA_PRODUKTÓW, CZAS, ZYSK, NUMER_TRANSAKCJI) VALUES(2, 3, 6, 1, 10, TO_DATE('2018-02-08 12:03', 'YYYY-MM-DD HH24:MI'), 587, 89);
INSERT INTO SPRZEDAŻ(ID_REKLAMACJI, ID_OCENY, ID_PRODUKTU, ID_PRACOWNIKA, LICZBA_PRODUKTÓW, CZAS, ZYSK, NUMER_TRANSAKCJI) VALUES(1, 2, 25, 2, 7, TO_DATE('2018-02-08 12:03', 'YYYY-MM-DD HH24:MI'), 383, 90);
INSERT INTO SPRZEDAŻ(ID_REKLAMACJI, ID_OCENY, ID_PRODUKTU, ID_PRACOWNIKA, LICZBA_PRODUKTÓW, CZAS, ZYSK, NUMER_TRANSAKCJI) VALUES(2, 3, 4, 13, 10, TO_DATE('2018-02-08 12:03', 'YYYY-MM-DD HH24:MI'), 598, 91);
INSERT INTO SPRZEDAŻ(ID_REKLAMACJI, ID_OCENY, ID_PRODUKTU, ID_PRACOWNIKA, LICZBA_PRODUKTÓW, CZAS, ZYSK, NUMER_TRANSAKCJI) VALUES(3, 1, 21, 3, 5, TO_DATE('2018-02-08 12:03', 'YYYY-MM-DD HH24:MI'), 397, 92);
INSERT INTO SPRZEDAŻ(ID_REKLAMACJI, ID_OCENY, ID_PRODUKTU, ID_PRACOWNIKA, LICZBA_PRODUKTÓW, CZAS, ZYSK, NUMER_TRANSAKCJI) VALUES(3, 2, 2, 18, 8, TO_DATE('2018-02-08 12:03', 'YYYY-MM-DD HH24:MI'), 377, 93);
INSERT INTO SPRZEDAŻ(ID_REKLAMACJI, ID_OCENY, ID_PRODUKTU, ID_PRACOWNIKA, LICZBA_PRODUKTÓW, CZAS, ZYSK, NUMER_TRANSAKCJI) VALUES(3, 1, 12, 3, 2, TO_DATE('2018-02-08 12:03', 'YYYY-MM-DD HH24:MI'), 83, 94);
INSERT INTO SPRZEDAŻ(ID_REKLAMACJI, ID_OCENY, ID_PRODUKTU, ID_PRACOWNIKA, LICZBA_PRODUKTÓW, CZAS, ZYSK, NUMER_TRANSAKCJI) VALUES(1, 3, 19, 4, 8, TO_DATE('2018-02-08 12:03', 'YYYY-MM-DD HH24:MI'), 533, 95);
INSERT INTO SPRZEDAŻ(ID_REKLAMACJI, ID_OCENY, ID_PRODUKTU, ID_PRACOWNIKA, LICZBA_PRODUKTÓW, CZAS, ZYSK, NUMER_TRANSAKCJI) VALUES(1, 3, 11, 1, 9, TO_DATE('2018-02-08 12:03', 'YYYY-MM-DD HH24:MI'), 108, 96);
INSERT INTO SPRZEDAŻ(ID_REKLAMACJI, ID_OCENY, ID_PRODUKTU, ID_PRACOWNIKA, LICZBA_PRODUKTÓW, CZAS, ZYSK, NUMER_TRANSAKCJI) VALUES(3, 1, 18, 11, 4, TO_DATE('2018-02-08 12:03', 'YYYY-MM-DD HH24:MI'), 268, 97);
INSERT INTO SPRZEDAŻ(ID_REKLAMACJI, ID_OCENY, ID_PRODUKTU, ID_PRACOWNIKA, LICZBA_PRODUKTÓW, CZAS, ZYSK, NUMER_TRANSAKCJI) VALUES(2, 1, 9, 2, 8, TO_DATE('2018-02-08 12:03', 'YYYY-MM-DD HH24:MI'), 79, 98);
INSERT INTO SPRZEDAŻ(ID_REKLAMACJI, ID_OCENY, ID_PRODUKTU, ID_PRACOWNIKA, LICZBA_PRODUKTÓW, CZAS, ZYSK, NUMER_TRANSAKCJI) VALUES(1, 2, 17, 19, 1, TO_DATE('2018-02-08 12:03', 'YYYY-MM-DD HH24:MI'), 363, 99);
INSERT INTO SPRZEDAŻ(ID_REKLAMACJI, ID_OCENY, ID_PRODUKTU, ID_PRACOWNIKA, LICZBA_PRODUKTÓW, CZAS, ZYSK, NUMER_TRANSAKCJI) VALUES(3, 2, 15, 7, 7, TO_DATE('2018-02-08 12:03', 'YYYY-MM-DD HH24:MI'), 239, 100);
INSERT INTO SPRZEDAŻ(ID_REKLAMACJI, ID_OCENY, ID_PRODUKTU, ID_PRACOWNIKA, LICZBA_PRODUKTÓW, CZAS, ZYSK, NUMER_TRANSAKCJI) VALUES(3, 1, 28, 1, 4, TO_DATE('2018-02-08 12:03', 'YYYY-MM-DD HH24:MI'), 581, 101);
INSERT INTO SPRZEDAŻ(ID_REKLAMACJI, ID_OCENY, ID_PRODUKTU, ID_PRACOWNIKA, LICZBA_PRODUKTÓW, CZAS, ZYSK, NUMER_TRANSAKCJI) VALUES(2, 3, 23, 11, 5, TO_DATE('2018-02-08 12:03', 'YYYY-MM-DD HH24:MI'), 174, 102);
INSERT INTO SPRZEDAŻ(ID_REKLAMACJI, ID_OCENY, ID_PRODUKTU, ID_PRACOWNIKA, LICZBA_PRODUKTÓW, CZAS, ZYSK, NUMER_TRANSAKCJI) VALUES(1, 2, 1, 11, 10, TO_DATE('2018-02-08 12:03', 'YYYY-MM-DD HH24:MI'), 498, 103);
INSERT INTO SPRZEDAŻ(ID_REKLAMACJI, ID_OCENY, ID_PRODUKTU, ID_PRACOWNIKA, LICZBA_PRODUKTÓW, CZAS, ZYSK, NUMER_TRANSAKCJI) VALUES(2, 3, 17, 18, 2, TO_DATE('2018-02-08 12:03', 'YYYY-MM-DD HH24:MI'), 103, 104);
INSERT INTO SPRZEDAŻ(ID_REKLAMACJI, ID_OCENY, ID_PRODUKTU, ID_PRACOWNIKA, LICZBA_PRODUKTÓW, CZAS, ZYSK, NUMER_TRANSAKCJI) VALUES(3, 1, 15, 2, 7, TO_DATE('2018-02-08 12:03', 'YYYY-MM-DD HH24:MI'), 586, 105);
INSERT INTO SPRZEDAŻ(ID_REKLAMACJI, ID_OCENY, ID_PRODUKTU, ID_PRACOWNIKA, LICZBA_PRODUKTÓW, CZAS, ZYSK, NUMER_TRANSAKCJI) VALUES(1, 2, 8, 16, 8, TO_DATE('2018-02-08 12:03', 'YYYY-MM-DD HH24:MI'), 165, 106);
INSERT INTO SPRZEDAŻ(ID_REKLAMACJI, ID_OCENY, ID_PRODUKTU, ID_PRACOWNIKA, LICZBA_PRODUKTÓW, CZAS, ZYSK, NUMER_TRANSAKCJI) VALUES(1, 1, 30, 1, 9, TO_DATE('2018-02-08 12:03', 'YYYY-MM-DD HH24:MI'), 284, 107);
INSERT INTO SPRZEDAŻ(ID_REKLAMACJI, ID_OCENY, ID_PRODUKTU, ID_PRACOWNIKA, LICZBA_PRODUKTÓW, CZAS, ZYSK, NUMER_TRANSAKCJI) VALUES(1, 3, 20, 17, 1, TO_DATE('2018-02-08 12:03', 'YYYY-MM-DD HH24:MI'), 487, 108);
INSERT INTO SPRZEDAŻ(ID_REKLAMACJI, ID_OCENY, ID_PRODUKTU, ID_PRACOWNIKA, LICZBA_PRODUKTÓW, CZAS, ZYSK, NUMER_TRANSAKCJI) VALUES(1, 1, 24, 3, 1, TO_DATE('2018-02-08 12:03', 'YYYY-MM-DD HH24:MI'), 229, 109);
INSERT INTO SPRZEDAŻ(ID_REKLAMACJI, ID_OCENY, ID_PRODUKTU, ID_PRACOWNIKA, LICZBA_PRODUKTÓW, CZAS, ZYSK, NUMER_TRANSAKCJI) VALUES(1, 3, 8, 6, 3, TO_DATE('2018-02-08 12:03', 'YYYY-MM-DD HH24:MI'), 508, 110);
INSERT INTO SPRZEDAŻ(ID_REKLAMACJI, ID_OCENY, ID_PRODUKTU, ID_PRACOWNIKA, LICZBA_PRODUKTÓW, CZAS, ZYSK, NUMER_TRANSAKCJI) VALUES(1, 3, 7, 8, 1, TO_DATE('2018-02-08 12:03', 'YYYY-MM-DD HH24:MI'), 491, 111);
INSERT INTO SPRZEDAŻ(ID_REKLAMACJI, ID_OCENY, ID_PRODUKTU, ID_PRACOWNIKA, LICZBA_PRODUKTÓW, CZAS, ZYSK, NUMER_TRANSAKCJI) VALUES(2, 1, 27, 11, 1, TO_DATE('2018-02-08 12:03', 'YYYY-MM-DD HH24:MI'), 574, 112);
INSERT INTO SPRZEDAŻ(ID_REKLAMACJI, ID_OCENY, ID_PRODUKTU, ID_PRACOWNIKA, LICZBA_PRODUKTÓW, CZAS, ZYSK, NUMER_TRANSAKCJI) VALUES(1, 3, 11, 8, 4, TO_DATE('2018-02-08 12:03', 'YYYY-MM-DD HH24:MI'), 14, 113);
INSERT INTO SPRZEDAŻ(ID_REKLAMACJI, ID_OCENY, ID_PRODUKTU, ID_PRACOWNIKA, LICZBA_PRODUKTÓW, CZAS, ZYSK, NUMER_TRANSAKCJI) VALUES(3, 2, 6, 8, 1, TO_DATE('2018-02-08 12:03', 'YYYY-MM-DD HH24:MI'), 72, 114);
INSERT INTO SPRZEDAŻ(ID_REKLAMACJI, ID_OCENY, ID_PRODUKTU, ID_PRACOWNIKA, LICZBA_PRODUKTÓW, CZAS, ZYSK, NUMER_TRANSAKCJI) VALUES(1, 2, 8, 12, 8, TO_DATE('2018-02-08 12:03', 'YYYY-MM-DD HH24:MI'), 307, 115);
INSERT INTO SPRZEDAŻ(ID_REKLAMACJI, ID_OCENY, ID_PRODUKTU, ID_PRACOWNIKA, LICZBA_PRODUKTÓW, CZAS, ZYSK, NUMER_TRANSAKCJI) VALUES(2, 3, 12, 6, 5, TO_DATE('2018-02-08 12:03', 'YYYY-MM-DD HH24:MI'), 340, 116);
INSERT INTO SPRZEDAŻ(ID_REKLAMACJI, ID_OCENY, ID_PRODUKTU, ID_PRACOWNIKA, LICZBA_PRODUKTÓW, CZAS, ZYSK, NUMER_TRANSAKCJI) VALUES(2, 2, 22, 17, 10, TO_DATE('2018-02-08 12:03', 'YYYY-MM-DD HH24:MI'), 116, 117);
INSERT INTO SPRZEDAŻ(ID_REKLAMACJI, ID_OCENY, ID_PRODUKTU, ID_PRACOWNIKA, LICZBA_PRODUKTÓW, CZAS, ZYSK, NUMER_TRANSAKCJI) VALUES(1, 3, 10, 17, 3, TO_DATE('2018-02-08 12:03', 'YYYY-MM-DD HH24:MI'), 28, 118);
INSERT INTO SPRZEDAŻ(ID_REKLAMACJI, ID_OCENY, ID_PRODUKTU, ID_PRACOWNIKA, LICZBA_PRODUKTÓW, CZAS, ZYSK, NUMER_TRANSAKCJI) VALUES(3, 1, 4, 13, 1, TO_DATE('2018-02-08 12:03', 'YYYY-MM-DD HH24:MI'), 365, 119);
INSERT INTO SPRZEDAŻ(ID_REKLAMACJI, ID_OCENY, ID_PRODUKTU, ID_PRACOWNIKA, LICZBA_PRODUKTÓW, CZAS, ZYSK, NUMER_TRANSAKCJI) VALUES(2, 3, 2, 9, 9, TO_DATE('2018-02-08 12:03', 'YYYY-MM-DD HH24:MI'), 14, 120);
INSERT INTO SPRZEDAŻ(ID_REKLAMACJI, ID_OCENY, ID_PRODUKTU, ID_PRACOWNIKA, LICZBA_PRODUKTÓW, CZAS, ZYSK, NUMER_TRANSAKCJI) VALUES(3, 1, 26, 11, 2, TO_DATE('2018-02-08 12:03', 'YYYY-MM-DD HH24:MI'), 326, 121);
INSERT INTO SPRZEDAŻ(ID_REKLAMACJI, ID_OCENY, ID_PRODUKTU, ID_PRACOWNIKA, LICZBA_PRODUKTÓW, CZAS, ZYSK, NUMER_TRANSAKCJI) VALUES(2, 2, 16, 5, 7, TO_DATE('2018-02-08 12:03', 'YYYY-MM-DD HH24:MI'), 502, 122);
INSERT INTO SPRZEDAŻ(ID_REKLAMACJI, ID_OCENY, ID_PRODUKTU, ID_PRACOWNIKA, LICZBA_PRODUKTÓW, CZAS, ZYSK, NUMER_TRANSAKCJI) VALUES(2, 2, 11, 6, 6, TO_DATE('2018-02-08 12:03', 'YYYY-MM-DD HH24:MI'), 459, 123);
INSERT INTO SPRZEDAŻ(ID_REKLAMACJI, ID_OCENY, ID_PRODUKTU, ID_PRACOWNIKA, LICZBA_PRODUKTÓW, CZAS, ZYSK, NUMER_TRANSAKCJI) VALUES(1, 1, 15, 19, 10, TO_DATE('2018-02-08 12:03', 'YYYY-MM-DD HH24:MI'), 266, 124);
INSERT INTO SPRZEDAŻ(ID_REKLAMACJI, ID_OCENY, ID_PRODUKTU, ID_PRACOWNIKA, LICZBA_PRODUKTÓW, CZAS, ZYSK, NUMER_TRANSAKCJI) VALUES(2, 3, 17, 11, 5, TO_DATE('2018-02-08 12:03', 'YYYY-MM-DD HH24:MI'), 84, 125);
INSERT INTO SPRZEDAŻ(ID_REKLAMACJI, ID_OCENY, ID_PRODUKTU, ID_PRACOWNIKA, LICZBA_PRODUKTÓW, CZAS, ZYSK, NUMER_TRANSAKCJI) VALUES(1, 3, 2, 12, 8, TO_DATE('2018-02-08 12:03', 'YYYY-MM-DD HH24:MI'), 520, 126);
INSERT INTO SPRZEDAŻ(ID_REKLAMACJI, ID_OCENY, ID_PRODUKTU, ID_PRACOWNIKA, LICZBA_PRODUKTÓW, CZAS, ZYSK, NUMER_TRANSAKCJI) VALUES(2, 2, 30, 7, 8, TO_DATE('2018-02-08 12:03', 'YYYY-MM-DD HH24:MI'), 341, 127);
INSERT INTO SPRZEDAŻ(ID_REKLAMACJI, ID_OCENY, ID_PRODUKTU, ID_PRACOWNIKA, LICZBA_PRODUKTÓW, CZAS, ZYSK, NUMER_TRANSAKCJI) VALUES(3, 3, 20, 9, 5, TO_DATE('2018-02-08 12:03', 'YYYY-MM-DD HH24:MI'), 176, 128);
INSERT INTO SPRZEDAŻ(ID_REKLAMACJI, ID_OCENY, ID_PRODUKTU, ID_PRACOWNIKA, LICZBA_PRODUKTÓW, CZAS, ZYSK, NUMER_TRANSAKCJI) VALUES(2, 1, 21, 5, 1, TO_DATE('2018-02-08 12:03', 'YYYY-MM-DD HH24:MI'), 163, 129);
INSERT INTO SPRZEDAŻ(ID_REKLAMACJI, ID_OCENY, ID_PRODUKTU, ID_PRACOWNIKA, LICZBA_PRODUKTÓW, CZAS, ZYSK, NUMER_TRANSAKCJI) VALUES(1, 2, 29, 20, 5, TO_DATE('2018-02-08 12:03', 'YYYY-MM-DD HH24:MI'), 501, 130);
INSERT INTO SPRZEDAŻ(ID_REKLAMACJI, ID_OCENY, ID_PRODUKTU, ID_PRACOWNIKA, LICZBA_PRODUKTÓW, CZAS, ZYSK, NUMER_TRANSAKCJI) VALUES(1, 1, 5, 6, 4, TO_DATE('2018-02-08 12:03', 'YYYY-MM-DD HH24:MI'), 238, 131);
INSERT INTO SPRZEDAŻ(ID_REKLAMACJI, ID_OCENY, ID_PRODUKTU, ID_PRACOWNIKA, LICZBA_PRODUKTÓW, CZAS, ZYSK, NUMER_TRANSAKCJI) VALUES(1, 2, 11, 16, 7, TO_DATE('2018-02-08 12:03', 'YYYY-MM-DD HH24:MI'), 285, 132);
INSERT INTO SPRZEDAŻ(ID_REKLAMACJI, ID_OCENY, ID_PRODUKTU, ID_PRACOWNIKA, LICZBA_PRODUKTÓW, CZAS, ZYSK, NUMER_TRANSAKCJI) VALUES(2, 3, 13, 12, 4, TO_DATE('2018-02-08 12:03', 'YYYY-MM-DD HH24:MI'), 115, 133);
INSERT INTO SPRZEDAŻ(ID_REKLAMACJI, ID_OCENY, ID_PRODUKTU, ID_PRACOWNIKA, LICZBA_PRODUKTÓW, CZAS, ZYSK, NUMER_TRANSAKCJI) VALUES(2, 2, 30, 13, 7, TO_DATE('2018-02-08 12:03', 'YYYY-MM-DD HH24:MI'), 106, 134);
INSERT INTO SPRZEDAŻ(ID_REKLAMACJI, ID_OCENY, ID_PRODUKTU, ID_PRACOWNIKA, LICZBA_PRODUKTÓW, CZAS, ZYSK, NUMER_TRANSAKCJI) VALUES(2, 3, 3, 20, 3, TO_DATE('2018-02-08 12:03', 'YYYY-MM-DD HH24:MI'), 91, 135);
INSERT INTO SPRZEDAŻ(ID_REKLAMACJI, ID_OCENY, ID_PRODUKTU, ID_PRACOWNIKA, LICZBA_PRODUKTÓW, CZAS, ZYSK, NUMER_TRANSAKCJI) VALUES(3, 2, 1, 19, 7, TO_DATE('2018-02-08 12:03', 'YYYY-MM-DD HH24:MI'), 436, 136);
INSERT INTO SPRZEDAŻ(ID_REKLAMACJI, ID_OCENY, ID_PRODUKTU, ID_PRACOWNIKA, LICZBA_PRODUKTÓW, CZAS, ZYSK, NUMER_TRANSAKCJI) VALUES(1, 1, 6, 6, 2, TO_DATE('2018-02-08 12:03', 'YYYY-MM-DD HH24:MI'), 147, 137);
INSERT INTO SPRZEDAŻ(ID_REKLAMACJI, ID_OCENY, ID_PRODUKTU, ID_PRACOWNIKA, LICZBA_PRODUKTÓW, CZAS, ZYSK, NUMER_TRANSAKCJI) VALUES(3, 2, 9, 20, 1, TO_DATE('2018-02-08 12:03', 'YYYY-MM-DD HH24:MI'), 550, 138);
INSERT INTO SPRZEDAŻ(ID_REKLAMACJI, ID_OCENY, ID_PRODUKTU, ID_PRACOWNIKA, LICZBA_PRODUKTÓW, CZAS, ZYSK, NUMER_TRANSAKCJI) VALUES(3, 1, 11, 9, 2, TO_DATE('2018-02-08 12:03', 'YYYY-MM-DD HH24:MI'), 397, 139);
INSERT INTO SPRZEDAŻ(ID_REKLAMACJI, ID_OCENY, ID_PRODUKTU, ID_PRACOWNIKA, LICZBA_PRODUKTÓW, CZAS, ZYSK, NUMER_TRANSAKCJI) VALUES(3, 2, 11, 11, 7, TO_DATE('2018-02-08 12:03', 'YYYY-MM-DD HH24:MI'), 265, 140);
INSERT INTO SPRZEDAŻ(ID_REKLAMACJI, ID_OCENY, ID_PRODUKTU, ID_PRACOWNIKA, LICZBA_PRODUKTÓW, CZAS, ZYSK, NUMER_TRANSAKCJI) VALUES(3, 1, 26, 6, 3, TO_DATE('2018-02-08 12:03', 'YYYY-MM-DD HH24:MI'), 428, 141);
INSERT INTO SPRZEDAŻ(ID_REKLAMACJI, ID_OCENY, ID_PRODUKTU, ID_PRACOWNIKA, LICZBA_PRODUKTÓW, CZAS, ZYSK, NUMER_TRANSAKCJI) VALUES(3, 1, 11, 10, 3, TO_DATE('2018-02-08 12:03', 'YYYY-MM-DD HH24:MI'), 140, 142);
INSERT INTO SPRZEDAŻ(ID_REKLAMACJI, ID_OCENY, ID_PRODUKTU, ID_PRACOWNIKA, LICZBA_PRODUKTÓW, CZAS, ZYSK, NUMER_TRANSAKCJI) VALUES(3, 1, 26, 13, 8, TO_DATE('2018-02-08 12:03', 'YYYY-MM-DD HH24:MI'), 547, 143);
INSERT INTO SPRZEDAŻ(ID_REKLAMACJI, ID_OCENY, ID_PRODUKTU, ID_PRACOWNIKA, LICZBA_PRODUKTÓW, CZAS, ZYSK, NUMER_TRANSAKCJI) VALUES(2, 2, 13, 12, 2, TO_DATE('2018-02-08 12:03', 'YYYY-MM-DD HH24:MI'), 535, 144);
INSERT INTO SPRZEDAŻ(ID_REKLAMACJI, ID_OCENY, ID_PRODUKTU, ID_PRACOWNIKA, LICZBA_PRODUKTÓW, CZAS, ZYSK, NUMER_TRANSAKCJI) VALUES(1, 1, 26, 18, 8, TO_DATE('2018-02-08 12:03', 'YYYY-MM-DD HH24:MI'), 338, 145);
INSERT INTO SPRZEDAŻ(ID_REKLAMACJI, ID_OCENY, ID_PRODUKTU, ID_PRACOWNIKA, LICZBA_PRODUKTÓW, CZAS, ZYSK, NUMER_TRANSAKCJI) VALUES(2, 3, 27, 8, 6, TO_DATE('2018-02-08 12:03', 'YYYY-MM-DD HH24:MI'), 252, 146);
INSERT INTO SPRZEDAŻ(ID_REKLAMACJI, ID_OCENY, ID_PRODUKTU, ID_PRACOWNIKA, LICZBA_PRODUKTÓW, CZAS, ZYSK, NUMER_TRANSAKCJI) VALUES(1, 2, 6, 17, 8, TO_DATE('2018-02-08 12:03', 'YYYY-MM-DD HH24:MI'), 503, 147);
INSERT INTO SPRZEDAŻ(ID_REKLAMACJI, ID_OCENY, ID_PRODUKTU, ID_PRACOWNIKA, LICZBA_PRODUKTÓW, CZAS, ZYSK, NUMER_TRANSAKCJI) VALUES(3, 3, 18, 3, 5, TO_DATE('2018-02-08 12:03', 'YYYY-MM-DD HH24:MI'), 161, 148);
INSERT INTO SPRZEDAŻ(ID_REKLAMACJI, ID_OCENY, ID_PRODUKTU, ID_PRACOWNIKA, LICZBA_PRODUKTÓW, CZAS, ZYSK, NUMER_TRANSAKCJI) VALUES(2, 2, 22, 18, 3, TO_DATE('2018-02-08 12:03', 'YYYY-MM-DD HH24:MI'), 370, 149);
INSERT INTO SPRZEDAŻ(ID_REKLAMACJI, ID_OCENY, ID_PRODUKTU, ID_PRACOWNIKA, LICZBA_PRODUKTÓW, CZAS, ZYSK, NUMER_TRANSAKCJI) VALUES(1, 3, 29, 1, 8, TO_DATE('2018-02-08 12:03', 'YYYY-MM-DD HH24:MI'), 529, 150);
INSERT INTO SPRZEDAŻ(ID_REKLAMACJI, ID_OCENY, ID_PRODUKTU, ID_PRACOWNIKA, LICZBA_PRODUKTÓW, CZAS, ZYSK, NUMER_TRANSAKCJI) VALUES(1, 1, 12, 8, 7, TO_DATE('2018-02-08 12:03', 'YYYY-MM-DD HH24:MI'), 61, 151);
INSERT INTO SPRZEDAŻ(ID_REKLAMACJI, ID_OCENY, ID_PRODUKTU, ID_PRACOWNIKA, LICZBA_PRODUKTÓW, CZAS, ZYSK, NUMER_TRANSAKCJI) VALUES(3, 2, 12, 5, 8, TO_DATE('2018-02-08 12:03', 'YYYY-MM-DD HH24:MI'), 35, 152);
INSERT INTO SPRZEDAŻ(ID_REKLAMACJI, ID_OCENY, ID_PRODUKTU, ID_PRACOWNIKA, LICZBA_PRODUKTÓW, CZAS, ZYSK, NUMER_TRANSAKCJI) VALUES(3, 2, 6, 20, 3, TO_DATE('2018-02-08 12:03', 'YYYY-MM-DD HH24:MI'), 40, 153);
INSERT INTO SPRZEDAŻ(ID_REKLAMACJI, ID_OCENY, ID_PRODUKTU, ID_PRACOWNIKA, LICZBA_PRODUKTÓW, CZAS, ZYSK, NUMER_TRANSAKCJI) VALUES(1, 1, 18, 20, 7, TO_DATE('2018-02-08 12:03', 'YYYY-MM-DD HH24:MI'), 550, 154);
INSERT INTO SPRZEDAŻ(ID_REKLAMACJI, ID_OCENY, ID_PRODUKTU, ID_PRACOWNIKA, LICZBA_PRODUKTÓW, CZAS, ZYSK, NUMER_TRANSAKCJI) VALUES(2, 3, 14, 2, 9, TO_DATE('2018-02-08 12:03', 'YYYY-MM-DD HH24:MI'), 404, 155);
INSERT INTO SPRZEDAŻ(ID_REKLAMACJI, ID_OCENY, ID_PRODUKTU, ID_PRACOWNIKA, LICZBA_PRODUKTÓW, CZAS, ZYSK, NUMER_TRANSAKCJI) VALUES(1, 1, 25, 2, 4, TO_DATE('2018-02-08 12:03', 'YYYY-MM-DD HH24:MI'), 458, 156);
INSERT INTO SPRZEDAŻ(ID_REKLAMACJI, ID_OCENY, ID_PRODUKTU, ID_PRACOWNIKA, LICZBA_PRODUKTÓW, CZAS, ZYSK, NUMER_TRANSAKCJI) VALUES(1, 2, 30, 17, 3, TO_DATE('2018-02-08 12:03', 'YYYY-MM-DD HH24:MI'), 541, 157);
INSERT INTO SPRZEDAŻ(ID_REKLAMACJI, ID_OCENY, ID_PRODUKTU, ID_PRACOWNIKA, LICZBA_PRODUKTÓW, CZAS, ZYSK, NUMER_TRANSAKCJI) VALUES(3, 2, 7, 15, 8, TO_DATE('2018-02-08 12:03', 'YYYY-MM-DD HH24:MI'), 296, 158);
INSERT INTO SPRZEDAŻ(ID_REKLAMACJI, ID_OCENY, ID_PRODUKTU, ID_PRACOWNIKA, LICZBA_PRODUKTÓW, CZAS, ZYSK, NUMER_TRANSAKCJI) VALUES(3, 3, 6, 10, 4, TO_DATE('2018-02-08 12:03', 'YYYY-MM-DD HH24:MI'), 298, 159);
INSERT INTO SPRZEDAŻ(ID_REKLAMACJI, ID_OCENY, ID_PRODUKTU, ID_PRACOWNIKA, LICZBA_PRODUKTÓW, CZAS, ZYSK, NUMER_TRANSAKCJI) VALUES(3, 1, 24, 2, 10, TO_DATE('2018-02-08 12:03', 'YYYY-MM-DD HH24:MI'), 168, 160);
INSERT INTO SPRZEDAŻ(ID_REKLAMACJI, ID_OCENY, ID_PRODUKTU, ID_PRACOWNIKA, LICZBA_PRODUKTÓW, CZAS, ZYSK, NUMER_TRANSAKCJI) VALUES(3, 3, 17, 20, 4, TO_DATE('2018-02-08 12:03', 'YYYY-MM-DD HH24:MI'), 524, 161);
INSERT INTO SPRZEDAŻ(ID_REKLAMACJI, ID_OCENY, ID_PRODUKTU, ID_PRACOWNIKA, LICZBA_PRODUKTÓW, CZAS, ZYSK, NUMER_TRANSAKCJI) VALUES(2, 1, 4, 3, 8, TO_DATE('2018-02-08 12:03', 'YYYY-MM-DD HH24:MI'), 224, 162);
INSERT INTO SPRZEDAŻ(ID_REKLAMACJI, ID_OCENY, ID_PRODUKTU, ID_PRACOWNIKA, LICZBA_PRODUKTÓW, CZAS, ZYSK, NUMER_TRANSAKCJI) VALUES(1, 1, 17, 11, 9, TO_DATE('2018-02-08 12:03', 'YYYY-MM-DD HH24:MI'), 327, 163);
INSERT INTO SPRZEDAŻ(ID_REKLAMACJI, ID_OCENY, ID_PRODUKTU, ID_PRACOWNIKA, LICZBA_PRODUKTÓW, CZAS, ZYSK, NUMER_TRANSAKCJI) VALUES(2, 2, 2, 8, 1, TO_DATE('2018-02-08 12:03', 'YYYY-MM-DD HH24:MI'), 21, 164);
INSERT INTO SPRZEDAŻ(ID_REKLAMACJI, ID_OCENY, ID_PRODUKTU, ID_PRACOWNIKA, LICZBA_PRODUKTÓW, CZAS, ZYSK, NUMER_TRANSAKCJI) VALUES(2, 1, 25, 9, 6, TO_DATE('2018-02-08 12:03', 'YYYY-MM-DD HH24:MI'), 466, 165);
INSERT INTO SPRZEDAŻ(ID_REKLAMACJI, ID_OCENY, ID_PRODUKTU, ID_PRACOWNIKA, LICZBA_PRODUKTÓW, CZAS, ZYSK, NUMER_TRANSAKCJI) VALUES(1, 1, 28, 9, 2, TO_DATE('2018-02-08 12:03', 'YYYY-MM-DD HH24:MI'), 230, 166);
INSERT INTO SPRZEDAŻ(ID_REKLAMACJI, ID_OCENY, ID_PRODUKTU, ID_PRACOWNIKA, LICZBA_PRODUKTÓW, CZAS, ZYSK, NUMER_TRANSAKCJI) VALUES(3, 2, 22, 2, 2, TO_DATE('2018-02-08 12:03', 'YYYY-MM-DD HH24:MI'), 282, 167);
INSERT INTO SPRZEDAŻ(ID_REKLAMACJI, ID_OCENY, ID_PRODUKTU, ID_PRACOWNIKA, LICZBA_PRODUKTÓW, CZAS, ZYSK, NUMER_TRANSAKCJI) VALUES(3, 1, 14, 17, 8, TO_DATE('2018-02-08 12:03', 'YYYY-MM-DD HH24:MI'), 36, 168);
INSERT INTO SPRZEDAŻ(ID_REKLAMACJI, ID_OCENY, ID_PRODUKTU, ID_PRACOWNIKA, LICZBA_PRODUKTÓW, CZAS, ZYSK, NUMER_TRANSAKCJI) VALUES(1, 2, 3, 19, 6, TO_DATE('2018-02-08 12:03', 'YYYY-MM-DD HH24:MI'), 241, 169);
INSERT INTO SPRZEDAŻ(ID_REKLAMACJI, ID_OCENY, ID_PRODUKTU, ID_PRACOWNIKA, LICZBA_PRODUKTÓW, CZAS, ZYSK, NUMER_TRANSAKCJI) VALUES(1, 3, 27, 11, 3, TO_DATE('2018-02-08 12:03', 'YYYY-MM-DD HH24:MI'), 573, 170);
INSERT INTO SPRZEDAŻ(ID_REKLAMACJI, ID_OCENY, ID_PRODUKTU, ID_PRACOWNIKA, LICZBA_PRODUKTÓW, CZAS, ZYSK, NUMER_TRANSAKCJI) VALUES(3, 1, 8, 14, 1, TO_DATE('2018-02-08 12:03', 'YYYY-MM-DD HH24:MI'), 376, 171);
INSERT INTO SPRZEDAŻ(ID_REKLAMACJI, ID_OCENY, ID_PRODUKTU, ID_PRACOWNIKA, LICZBA_PRODUKTÓW, CZAS, ZYSK, NUMER_TRANSAKCJI) VALUES(1, 1, 22, 3, 2, TO_DATE('2018-02-08 12:03', 'YYYY-MM-DD HH24:MI'), 245, 172);
INSERT INTO SPRZEDAŻ(ID_REKLAMACJI, ID_OCENY, ID_PRODUKTU, ID_PRACOWNIKA, LICZBA_PRODUKTÓW, CZAS, ZYSK, NUMER_TRANSAKCJI) VALUES(3, 1, 23, 13, 5, TO_DATE('2018-02-08 12:03', 'YYYY-MM-DD HH24:MI'), 236, 173);
INSERT INTO SPRZEDAŻ(ID_REKLAMACJI, ID_OCENY, ID_PRODUKTU, ID_PRACOWNIKA, LICZBA_PRODUKTÓW, CZAS, ZYSK, NUMER_TRANSAKCJI) VALUES(3, 1, 22, 14, 10, TO_DATE('2018-02-08 12:03', 'YYYY-MM-DD HH24:MI'), 555, 174);
INSERT INTO SPRZEDAŻ(ID_REKLAMACJI, ID_OCENY, ID_PRODUKTU, ID_PRACOWNIKA, LICZBA_PRODUKTÓW, CZAS, ZYSK, NUMER_TRANSAKCJI) VALUES(1, 1, 4, 2, 10, TO_DATE('2018-02-08 12:03', 'YYYY-MM-DD HH24:MI'), 351, 175);
INSERT INTO SPRZEDAŻ(ID_REKLAMACJI, ID_OCENY, ID_PRODUKTU, ID_PRACOWNIKA, LICZBA_PRODUKTÓW, CZAS, ZYSK, NUMER_TRANSAKCJI) VALUES(3, 2, 11, 3, 4, TO_DATE('2018-02-08 12:03', 'YYYY-MM-DD HH24:MI'), 589, 176);
INSERT INTO SPRZEDAŻ(ID_REKLAMACJI, ID_OCENY, ID_PRODUKTU, ID_PRACOWNIKA, LICZBA_PRODUKTÓW, CZAS, ZYSK, NUMER_TRANSAKCJI) VALUES(2, 2, 14, 7, 6, TO_DATE('2018-02-08 12:03', 'YYYY-MM-DD HH24:MI'), 576, 177);
INSERT INTO SPRZEDAŻ(ID_REKLAMACJI, ID_OCENY, ID_PRODUKTU, ID_PRACOWNIKA, LICZBA_PRODUKTÓW, CZAS, ZYSK, NUMER_TRANSAKCJI) VALUES(1, 2, 3, 6, 4, TO_DATE('2018-02-08 12:03', 'YYYY-MM-DD HH24:MI'), 160, 178);
INSERT INTO SPRZEDAŻ(ID_REKLAMACJI, ID_OCENY, ID_PRODUKTU, ID_PRACOWNIKA, LICZBA_PRODUKTÓW, CZAS, ZYSK, NUMER_TRANSAKCJI) VALUES(2, 2, 4, 5, 7, TO_DATE('2018-02-08 12:03', 'YYYY-MM-DD HH24:MI'), 566, 179);
INSERT INTO SPRZEDAŻ(ID_REKLAMACJI, ID_OCENY, ID_PRODUKTU, ID_PRACOWNIKA, LICZBA_PRODUKTÓW, CZAS, ZYSK, NUMER_TRANSAKCJI) VALUES(1, 3, 2, 14, 1, TO_DATE('2018-02-08 12:03', 'YYYY-MM-DD HH24:MI'), 84, 180);
INSERT INTO SPRZEDAŻ(ID_REKLAMACJI, ID_OCENY, ID_PRODUKTU, ID_PRACOWNIKA, LICZBA_PRODUKTÓW, CZAS, ZYSK, NUMER_TRANSAKCJI) VALUES(1, 3, 27, 12, 6, TO_DATE('2018-02-08 12:03', 'YYYY-MM-DD HH24:MI'), 469, 181);
INSERT INTO SPRZEDAŻ(ID_REKLAMACJI, ID_OCENY, ID_PRODUKTU, ID_PRACOWNIKA, LICZBA_PRODUKTÓW, CZAS, ZYSK, NUMER_TRANSAKCJI) VALUES(3, 3, 29, 14, 5, TO_DATE('2018-02-08 12:03', 'YYYY-MM-DD HH24:MI'), 235, 182);
INSERT INTO SPRZEDAŻ(ID_REKLAMACJI, ID_OCENY, ID_PRODUKTU, ID_PRACOWNIKA, LICZBA_PRODUKTÓW, CZAS, ZYSK, NUMER_TRANSAKCJI) VALUES(2, 3, 4, 15, 8, TO_DATE('2018-02-08 12:03', 'YYYY-MM-DD HH24:MI'), 589, 183);
INSERT INTO SPRZEDAŻ(ID_REKLAMACJI, ID_OCENY, ID_PRODUKTU, ID_PRACOWNIKA, LICZBA_PRODUKTÓW, CZAS, ZYSK, NUMER_TRANSAKCJI) VALUES(1, 3, 30, 9, 9, TO_DATE('2018-02-08 12:03', 'YYYY-MM-DD HH24:MI'), 529, 184);
INSERT INTO SPRZEDAŻ(ID_REKLAMACJI, ID_OCENY, ID_PRODUKTU, ID_PRACOWNIKA, LICZBA_PRODUKTÓW, CZAS, ZYSK, NUMER_TRANSAKCJI) VALUES(3, 2, 16, 14, 3, TO_DATE('2018-02-08 12:03', 'YYYY-MM-DD HH24:MI'), 262, 185);
INSERT INTO SPRZEDAŻ(ID_REKLAMACJI, ID_OCENY, ID_PRODUKTU, ID_PRACOWNIKA, LICZBA_PRODUKTÓW, CZAS, ZYSK, NUMER_TRANSAKCJI) VALUES(1, 3, 25, 15, 10, TO_DATE('2018-02-08 12:03', 'YYYY-MM-DD HH24:MI'), 570, 186);
INSERT INTO SPRZEDAŻ(ID_REKLAMACJI, ID_OCENY, ID_PRODUKTU, ID_PRACOWNIKA, LICZBA_PRODUKTÓW, CZAS, ZYSK, NUMER_TRANSAKCJI) VALUES(2, 1, 13, 17, 2, TO_DATE('2018-02-08 12:03', 'YYYY-MM-DD HH24:MI'), 379, 187);
INSERT INTO SPRZEDAŻ(ID_REKLAMACJI, ID_OCENY, ID_PRODUKTU, ID_PRACOWNIKA, LICZBA_PRODUKTÓW, CZAS, ZYSK, NUMER_TRANSAKCJI) VALUES(2, 3, 6, 1, 1, TO_DATE('2018-02-08 12:03', 'YYYY-MM-DD HH24:MI'), 446, 188);
INSERT INTO SPRZEDAŻ(ID_REKLAMACJI, ID_OCENY, ID_PRODUKTU, ID_PRACOWNIKA, LICZBA_PRODUKTÓW, CZAS, ZYSK, NUMER_TRANSAKCJI) VALUES(2, 3, 10, 5, 9, TO_DATE('2018-02-08 12:03', 'YYYY-MM-DD HH24:MI'), 205, 189);
INSERT INTO SPRZEDAŻ(ID_REKLAMACJI, ID_OCENY, ID_PRODUKTU, ID_PRACOWNIKA, LICZBA_PRODUKTÓW, CZAS, ZYSK, NUMER_TRANSAKCJI) VALUES(3, 2, 25, 1, 3, TO_DATE('2018-02-08 12:03', 'YYYY-MM-DD HH24:MI'), 354, 190);
INSERT INTO SPRZEDAŻ(ID_REKLAMACJI, ID_OCENY, ID_PRODUKTU, ID_PRACOWNIKA, LICZBA_PRODUKTÓW, CZAS, ZYSK, NUMER_TRANSAKCJI) VALUES(1, 1, 24, 9, 1, TO_DATE('2018-02-08 12:03', 'YYYY-MM-DD HH24:MI'), 403, 191);
INSERT INTO SPRZEDAŻ(ID_REKLAMACJI, ID_OCENY, ID_PRODUKTU, ID_PRACOWNIKA, LICZBA_PRODUKTÓW, CZAS, ZYSK, NUMER_TRANSAKCJI) VALUES(3, 3, 9, 14, 9, TO_DATE('2018-02-08 12:03', 'YYYY-MM-DD HH24:MI'), 213, 192);
INSERT INTO SPRZEDAŻ(ID_REKLAMACJI, ID_OCENY, ID_PRODUKTU, ID_PRACOWNIKA, LICZBA_PRODUKTÓW, CZAS, ZYSK, NUMER_TRANSAKCJI) VALUES(2, 1, 8, 5, 8, TO_DATE('2018-02-08 12:03', 'YYYY-MM-DD HH24:MI'), 514, 193);
INSERT INTO SPRZEDAŻ(ID_REKLAMACJI, ID_OCENY, ID_PRODUKTU, ID_PRACOWNIKA, LICZBA_PRODUKTÓW, CZAS, ZYSK, NUMER_TRANSAKCJI) VALUES(1, 2, 28, 2, 2, TO_DATE('2018-02-08 12:03', 'YYYY-MM-DD HH24:MI'), 220, 194);
INSERT INTO SPRZEDAŻ(ID_REKLAMACJI, ID_OCENY, ID_PRODUKTU, ID_PRACOWNIKA, LICZBA_PRODUKTÓW, CZAS, ZYSK, NUMER_TRANSAKCJI) VALUES(2, 3, 18, 10, 1, TO_DATE('2018-02-08 12:03', 'YYYY-MM-DD HH24:MI'), 524, 195);
INSERT INTO SPRZEDAŻ(ID_REKLAMACJI, ID_OCENY, ID_PRODUKTU, ID_PRACOWNIKA, LICZBA_PRODUKTÓW, CZAS, ZYSK, NUMER_TRANSAKCJI) VALUES(1, 1, 30, 8, 8, TO_DATE('2018-02-08 12:03', 'YYYY-MM-DD HH24:MI'), 410, 196);
INSERT INTO SPRZEDAŻ(ID_REKLAMACJI, ID_OCENY, ID_PRODUKTU, ID_PRACOWNIKA, LICZBA_PRODUKTÓW, CZAS, ZYSK, NUMER_TRANSAKCJI) VALUES(2, 3, 5, 10, 10, TO_DATE('2018-02-08 12:03', 'YYYY-MM-DD HH24:MI'), 372, 197);
INSERT INTO SPRZEDAŻ(ID_REKLAMACJI, ID_OCENY, ID_PRODUKTU, ID_PRACOWNIKA, LICZBA_PRODUKTÓW, CZAS, ZYSK, NUMER_TRANSAKCJI) VALUES(1, 3, 23, 17, 5, TO_DATE('2018-02-08 12:03', 'YYYY-MM-DD HH24:MI'), 67, 198);
INSERT INTO SPRZEDAŻ(ID_REKLAMACJI, ID_OCENY, ID_PRODUKTU, ID_PRACOWNIKA, LICZBA_PRODUKTÓW, CZAS, ZYSK, NUMER_TRANSAKCJI) VALUES(1, 2, 24, 18, 6, TO_DATE('2018-02-08 12:03', 'YYYY-MM-DD HH24:MI'), 360, 199);
INSERT INTO SPRZEDAŻ(ID_REKLAMACJI, ID_OCENY, ID_PRODUKTU, ID_PRACOWNIKA, LICZBA_PRODUKTÓW, CZAS, ZYSK, NUMER_TRANSAKCJI) VALUES(1, 2, 20, 1, 3, TO_DATE('2018-02-08 12:03', 'YYYY-MM-DD HH24:MI'), 24, 200);
INSERT INTO SPRZEDAŻ(ID_REKLAMACJI, ID_OCENY, ID_PRODUKTU, ID_PRACOWNIKA, LICZBA_PRODUKTÓW, CZAS, ZYSK, NUMER_TRANSAKCJI) VALUES(1, 1, 26, 10, 6, TO_DATE('2018-02-08 12:03', 'YYYY-MM-DD HH24:MI'), 511, 201);
