INSERT INTO DZIAŁ(NAZWA) VALUES('zabawki');
INSERT INTO DZIAŁ(NAZWA) VALUES('dom');
INSERT INTO DZIAŁ(NAZWA) VALUES('RTV');
INSERT INTO DZIAŁ(NAZWA) VALUES('alkohole');
INSERT INTO DZIAŁ(NAZWA) VALUES('alkohole');
INSERT INTO DZIAŁ(NAZWA) VALUES('alkohole');
INSERT INTO DZIAŁ(NAZWA) VALUES('zabawki');
INSERT INTO DZIAŁ(NAZWA) VALUES('RTV');
INSERT INTO DZIAŁ(NAZWA) VALUES('alkohole');
INSERT INTO DZIAŁ(NAZWA) VALUES('artykuły papiernicze');
INSERT INTO DZIAŁ(NAZWA) VALUES('ogród');
INSERT INTO KATEGORIA_PRODUKTU(ID_DZIAŁU, NAZWA) VALUES(2, 'artykuły do makijażu');
INSERT INTO KATEGORIA_PRODUKTU(ID_DZIAŁU, NAZWA) VALUES(4, 'mięso i wędliny');
INSERT INTO KATEGORIA_PRODUKTU(ID_DZIAŁU, NAZWA) VALUES(4, 'zabawki interaktywne');
INSERT INTO KATEGORIA_PRODUKTU(ID_DZIAŁU, NAZWA) VALUES(6, 'konsole');
INSERT INTO KATEGORIA_PRODUKTU(ID_DZIAŁU, NAZWA) VALUES(2, 'kable i przejściówki');
INSERT INTO KATEGORIA_PRODUKTU(ID_DZIAŁU, NAZWA) VALUES(2, 'do mebli');
INSERT INTO KATEGORIA_PRODUKTU(ID_DZIAŁU, NAZWA) VALUES(6, 'obuwie męskie');
INSERT INTO KATEGORIA_PRODUKTU(ID_DZIAŁU, NAZWA) VALUES(1, 'suszenie i prasowanie');
INSERT INTO KATEGORIA_PRODUKTU(ID_DZIAŁU, NAZWA) VALUES(1, 'dekoracje ogrodowe');
INSERT INTO KATEGORIA_PRODUKTU(ID_DZIAŁU, NAZWA) VALUES(7, 'sprzęt audio');
INSERT INTO KATEGORIA_PRODUKTU(ID_DZIAŁU, NAZWA) VALUES(3, 'dekoracje ogrodowe');
INSERT INTO DOSTAWCA(NAZWA) VALUES('Stanek - Kasprzyk');
INSERT INTO DOSTAWCA(NAZWA) VALUES('Krupiński - Małek');
INSERT INTO DOSTAWCA(NAZWA) VALUES('Chmielewski Inc');
INSERT INTO DOSTAWCA(NAZWA) VALUES('Kujawa, Długosz and Milczarek');
INSERT INTO OCENA_OD_KLIENTA(OCENA) VALUES('neque');
INSERT INTO OCENA_OD_KLIENTA(OCENA) VALUES('laborum');
INSERT INTO OCENA_OD_KLIENTA(OCENA) VALUES('minima');
INSERT INTO OCENA_OD_KLIENTA(OCENA) VALUES('aut');
INSERT INTO REKLAMACJA(POWÓD) VALUES('consectetur');
INSERT INTO REKLAMACJA(POWÓD) VALUES('magnam');
INSERT INTO REKLAMACJA(POWÓD) VALUES('quasi');
INSERT INTO REKLAMACJA(POWÓD) VALUES('minima');
INSERT INTO PRACOWNIK(IMIĘ, NAZWISKO) VALUES('Florencja', 'Karwowski');
INSERT INTO PRACOWNIK(IMIĘ, NAZWISKO) VALUES('Izabela', 'Janiszewski');
INSERT INTO PRACOWNIK(IMIĘ, NAZWISKO) VALUES('Tobiasz', 'Siwek');
INSERT INTO PRACOWNIK(IMIĘ, NAZWISKO) VALUES('Samuel', 'Żukowski');
INSERT INTO PRACOWNIK(IMIĘ, NAZWISKO) VALUES('Tomasz', 'Kępa');
INSERT INTO PRACOWNIK(IMIĘ, NAZWISKO) VALUES('Małgorzata', 'Augustyn');
INSERT INTO PRACOWNIK(IMIĘ, NAZWISKO) VALUES('Władysław', 'Kołakowski');
INSERT INTO PRACOWNIK(IMIĘ, NAZWISKO) VALUES('Józefina', 'Skalski');
INSERT INTO PRACOWNIK(IMIĘ, NAZWISKO) VALUES('Gracja', 'Czaja');
INSERT INTO PRACOWNIK(IMIĘ, NAZWISKO) VALUES('Oleg', 'Andrzejewski');
INSERT INTO PRACOWNIK(IMIĘ, NAZWISKO) VALUES('Gerazym', 'Skrzypczak');
INSERT INTO PRACOWNIK(IMIĘ, NAZWISKO) VALUES('Dariusz', 'Gawlik');
INSERT INTO PRACOWNIK(IMIĘ, NAZWISKO) VALUES('Eliza', 'Błaszczak');
INSERT INTO PRACOWNIK(IMIĘ, NAZWISKO) VALUES('Laura', 'Marciniak');
INSERT INTO PRACOWNIK(IMIĘ, NAZWISKO) VALUES('Penelopa', 'Niewiadomski');
INSERT INTO PRACOWNIK(IMIĘ, NAZWISKO) VALUES('Kazimierz', 'Górniak');
INSERT INTO PRACOWNIK(IMIĘ, NAZWISKO) VALUES('Eugenia', 'Partyka');
INSERT INTO PRACOWNIK(IMIĘ, NAZWISKO) VALUES('Nestor', 'Olczak');
INSERT INTO PRACOWNIK(IMIĘ, NAZWISKO) VALUES('Witalis', 'Szostak');
INSERT INTO PRACOWNIK(IMIĘ, NAZWISKO) VALUES('Klara', 'Woś');
INSERT INTO PRACOWNIK(IMIĘ, NAZWISKO) VALUES('Karolina', 'Kulesza');
INSERT INTO ODDZIAŁ(NAZWA, MIASTO, WOJEWÓDZTWO, ULICA_I_NUMER) VALUES('Oddział nr 15 w Rybniku', 'Tychy', 'Dolnośląskie', 'Albańska 4');
INSERT INTO ODDZIAŁ(NAZWA, MIASTO, WOJEWÓDZTWO, ULICA_I_NUMER) VALUES('Oddział nr 7 w Dąbrowej', 'Dąbrowa', 'Dolnośląskie', 'Wrocławska 23');
INSERT INTO ODDZIAŁ(NAZWA, MIASTO, WOJEWÓDZTWO, ULICA_I_NUMER) VALUES('Oddział nr 20 w Toruniu', 'Olsztyn', 'Mazowieckie', 'Kościuszki 9');
INSERT INTO ODDZIAŁ(NAZWA, MIASTO, WOJEWÓDZTWO, ULICA_I_NUMER) VALUES('Oddział nr 17 w Zielonej Górze', 'Ruda', 'Małopolskie', 'Mariacka 62');
INSERT INTO ODDZIAŁ(NAZWA, MIASTO, WOJEWÓDZTWO, ULICA_I_NUMER) VALUES('Oddział nr 9 w Bytomiu', 'Gorzów', 'Małopolskie', 'Miejska 346');
INSERT INTO ODDZIAŁ(NAZWA, MIASTO, WOJEWÓDZTWO, ULICA_I_NUMER) VALUES('Oddział nr 10 w Lublinie', 'Radom', 'Świętokrzyskie', 'Mariacka 62');
INSERT INTO ODDZIAŁ(NAZWA, MIASTO, WOJEWÓDZTWO, ULICA_I_NUMER) VALUES('Oddział nr 2 w Olsztynie', 'Gdańsk', 'Mazowieckie', 'Miejska 346');
INSERT INTO ODDZIAŁ(NAZWA, MIASTO, WOJEWÓDZTWO, ULICA_I_NUMER) VALUES('Oddział nr 1 w Rybniku', 'Poznań', 'Opolskie', 'Miejska 346');
INSERT INTO ODDZIAŁ(NAZWA, MIASTO, WOJEWÓDZTWO, ULICA_I_NUMER) VALUES('Oddział nr 6 w Szczecinie', 'Sosnowiec', 'Pomorskie', 'Nuszkiewicza 33');
INSERT INTO ODDZIAŁ(NAZWA, MIASTO, WOJEWÓDZTWO, ULICA_I_NUMER) VALUES('Oddział nr 6 w Warszawie', 'Bytom', 'Dolnośląskie', 'Bora-Komorowskiego 27');
INSERT INTO ODDZIAŁ(NAZWA, MIASTO, WOJEWÓDZTWO, ULICA_I_NUMER) VALUES('Oddział nr 18 w Bydgoszczy', 'Sosnowiec', 'Lubuskie', 'Albańska 4');
INSERT INTO ZAMÓWIENIA(ID_ODDZIAŁU, ID_DOSTAWCY, KOSZT_ZAMÓWIENIA, DATA_ZAMÓWIENIA) VALUES(2, 3, 19710, TO_DATE('2003-06-01 00:09', 'YYYY-MM-DD HH24:MI'));
INSERT INTO ZAMÓWIENIA(ID_ODDZIAŁU, ID_DOSTAWCY, KOSZT_ZAMÓWIENIA, DATA_ZAMÓWIENIA) VALUES(6, 1, 21543, TO_DATE('2002-02-08 01:41', 'YYYY-MM-DD HH24:MI'));
INSERT INTO ZAMÓWIENIA(ID_ODDZIAŁU, ID_DOSTAWCY, KOSZT_ZAMÓWIENIA, DATA_ZAMÓWIENIA) VALUES(6, 1, 98303, TO_DATE('2003-07-09 14:09', 'YYYY-MM-DD HH24:MI'));
INSERT INTO ZAMÓWIENIA(ID_ODDZIAŁU, ID_DOSTAWCY, KOSZT_ZAMÓWIENIA, DATA_ZAMÓWIENIA) VALUES(3, 3, 38562, TO_DATE('2003-04-09 17:16', 'YYYY-MM-DD HH24:MI'));
INSERT INTO ZAMÓWIENIA(ID_ODDZIAŁU, ID_DOSTAWCY, KOSZT_ZAMÓWIENIA, DATA_ZAMÓWIENIA) VALUES(6, 3, 37489, TO_DATE('2003-07-29 03:48', 'YYYY-MM-DD HH24:MI'));
INSERT INTO ZAMÓWIENIA(ID_ODDZIAŁU, ID_DOSTAWCY, KOSZT_ZAMÓWIENIA, DATA_ZAMÓWIENIA) VALUES(6, 2, 52754, TO_DATE('2003-10-20 05:20', 'YYYY-MM-DD HH24:MI'));
INSERT INTO ZAMÓWIENIA(ID_ODDZIAŁU, ID_DOSTAWCY, KOSZT_ZAMÓWIENIA, DATA_ZAMÓWIENIA) VALUES(8, 2, 96900, TO_DATE('2003-02-15 18:41', 'YYYY-MM-DD HH24:MI'));
INSERT INTO ZAMÓWIENIA(ID_ODDZIAŁU, ID_DOSTAWCY, KOSZT_ZAMÓWIENIA, DATA_ZAMÓWIENIA) VALUES(5, 1, 63725, TO_DATE('2002-10-26 13:28', 'YYYY-MM-DD HH24:MI'));
INSERT INTO ZAMÓWIENIA(ID_ODDZIAŁU, ID_DOSTAWCY, KOSZT_ZAMÓWIENIA, DATA_ZAMÓWIENIA) VALUES(7, 1, 66831, TO_DATE('2003-08-21 18:16', 'YYYY-MM-DD HH24:MI'));
INSERT INTO ZAMÓWIENIA(ID_ODDZIAŁU, ID_DOSTAWCY, KOSZT_ZAMÓWIENIA, DATA_ZAMÓWIENIA) VALUES(4, 1, 67109, TO_DATE('2002-03-01 20:28', 'YYYY-MM-DD HH24:MI'));
INSERT INTO ZAMÓWIENIA(ID_ODDZIAŁU, ID_DOSTAWCY, KOSZT_ZAMÓWIENIA, DATA_ZAMÓWIENIA) VALUES(10, 1, 71772, TO_DATE('2003-11-02 04:20', 'YYYY-MM-DD HH24:MI'));
INSERT INTO ZAMÓWIENIA(ID_ODDZIAŁU, ID_DOSTAWCY, KOSZT_ZAMÓWIENIA, DATA_ZAMÓWIENIA) VALUES(8, 1, 51722, TO_DATE('2003-01-08 06:46', 'YYYY-MM-DD HH24:MI'));
INSERT INTO ZAMÓWIENIA(ID_ODDZIAŁU, ID_DOSTAWCY, KOSZT_ZAMÓWIENIA, DATA_ZAMÓWIENIA) VALUES(9, 2, 79134, TO_DATE('2002-08-06 13:49', 'YYYY-MM-DD HH24:MI'));
INSERT INTO ZAMÓWIENIA(ID_ODDZIAŁU, ID_DOSTAWCY, KOSZT_ZAMÓWIENIA, DATA_ZAMÓWIENIA) VALUES(2, 3, 79039, TO_DATE('2003-11-10 19:22', 'YYYY-MM-DD HH24:MI'));
INSERT INTO ZAMÓWIENIA(ID_ODDZIAŁU, ID_DOSTAWCY, KOSZT_ZAMÓWIENIA, DATA_ZAMÓWIENIA) VALUES(9, 3, 63468, TO_DATE('2003-01-31 13:07', 'YYYY-MM-DD HH24:MI'));
INSERT INTO ZAMÓWIENIA(ID_ODDZIAŁU, ID_DOSTAWCY, KOSZT_ZAMÓWIENIA, DATA_ZAMÓWIENIA) VALUES(2, 1, 18704, TO_DATE('2002-05-12 14:26', 'YYYY-MM-DD HH24:MI'));
INSERT INTO ZAMÓWIENIA(ID_ODDZIAŁU, ID_DOSTAWCY, KOSZT_ZAMÓWIENIA, DATA_ZAMÓWIENIA) VALUES(1, 2, 45911, TO_DATE('2002-06-19 10:14', 'YYYY-MM-DD HH24:MI'));
INSERT INTO ZAMÓWIENIA(ID_ODDZIAŁU, ID_DOSTAWCY, KOSZT_ZAMÓWIENIA, DATA_ZAMÓWIENIA) VALUES(5, 2, 14670, TO_DATE('2002-09-30 09:12', 'YYYY-MM-DD HH24:MI'));
INSERT INTO ZAMÓWIENIA(ID_ODDZIAŁU, ID_DOSTAWCY, KOSZT_ZAMÓWIENIA, DATA_ZAMÓWIENIA) VALUES(4, 3, 54655, TO_DATE('2002-08-23 13:21', 'YYYY-MM-DD HH24:MI'));
INSERT INTO ZAMÓWIENIA(ID_ODDZIAŁU, ID_DOSTAWCY, KOSZT_ZAMÓWIENIA, DATA_ZAMÓWIENIA) VALUES(10, 2, 58977, TO_DATE('2003-09-19 00:59', 'YYYY-MM-DD HH24:MI'));
INSERT INTO ZAMÓWIENIA(ID_ODDZIAŁU, ID_DOSTAWCY, KOSZT_ZAMÓWIENIA, DATA_ZAMÓWIENIA) VALUES(2, 3, 38354, TO_DATE('2002-02-05 21:55', 'YYYY-MM-DD HH24:MI'));
INSERT INTO ZAMÓWIENIA(ID_ODDZIAŁU, ID_DOSTAWCY, KOSZT_ZAMÓWIENIA, DATA_ZAMÓWIENIA) VALUES(1, 2, 80272, TO_DATE('2002-10-19 12:41', 'YYYY-MM-DD HH24:MI'));
INSERT INTO ZAMÓWIENIA(ID_ODDZIAŁU, ID_DOSTAWCY, KOSZT_ZAMÓWIENIA, DATA_ZAMÓWIENIA) VALUES(3, 1, 94653, TO_DATE('2003-11-03 06:45', 'YYYY-MM-DD HH24:MI'));
INSERT INTO ZAMÓWIENIA(ID_ODDZIAŁU, ID_DOSTAWCY, KOSZT_ZAMÓWIENIA, DATA_ZAMÓWIENIA) VALUES(10, 2, 83421, TO_DATE('2003-10-05 04:35', 'YYYY-MM-DD HH24:MI'));
INSERT INTO ZAMÓWIENIA(ID_ODDZIAŁU, ID_DOSTAWCY, KOSZT_ZAMÓWIENIA, DATA_ZAMÓWIENIA) VALUES(3, 1, 52035, TO_DATE('2003-09-03 03:54', 'YYYY-MM-DD HH24:MI'));
INSERT INTO ZAMÓWIENIA(ID_ODDZIAŁU, ID_DOSTAWCY, KOSZT_ZAMÓWIENIA, DATA_ZAMÓWIENIA) VALUES(4, 2, 21117, TO_DATE('2002-02-01 23:46', 'YYYY-MM-DD HH24:MI'));
INSERT INTO ZAMÓWIENIA(ID_ODDZIAŁU, ID_DOSTAWCY, KOSZT_ZAMÓWIENIA, DATA_ZAMÓWIENIA) VALUES(10, 2, 79946, TO_DATE('2002-06-27 02:16', 'YYYY-MM-DD HH24:MI'));
INSERT INTO ZAMÓWIENIA(ID_ODDZIAŁU, ID_DOSTAWCY, KOSZT_ZAMÓWIENIA, DATA_ZAMÓWIENIA) VALUES(5, 2, 89948, TO_DATE('2003-02-23 16:16', 'YYYY-MM-DD HH24:MI'));
INSERT INTO ZAMÓWIENIA(ID_ODDZIAŁU, ID_DOSTAWCY, KOSZT_ZAMÓWIENIA, DATA_ZAMÓWIENIA) VALUES(4, 1, 89142, TO_DATE('2002-01-09 20:16', 'YYYY-MM-DD HH24:MI'));
INSERT INTO ZAMÓWIENIA(ID_ODDZIAŁU, ID_DOSTAWCY, KOSZT_ZAMÓWIENIA, DATA_ZAMÓWIENIA) VALUES(8, 2, 10640, TO_DATE('2003-04-09 13:49', 'YYYY-MM-DD HH24:MI'));
INSERT INTO ZAMÓWIENIA(ID_ODDZIAŁU, ID_DOSTAWCY, KOSZT_ZAMÓWIENIA, DATA_ZAMÓWIENIA) VALUES(7, 3, 57384, TO_DATE('2003-06-23 14:42', 'YYYY-MM-DD HH24:MI'));
INSERT INTO PRODUKT(ID_KATEGORII, ID_DZIAŁU, NAZWA) VALUES(2, 8, 'Awesome Wooden Salad');
INSERT INTO PRODUKT(ID_KATEGORII, ID_DZIAŁU, NAZWA) VALUES(3, 3, 'Small Cotton Chips');
INSERT INTO PRODUKT(ID_KATEGORII, ID_DZIAŁU, NAZWA) VALUES(8, 10, 'Gorgeous Rubber Sausages');
INSERT INTO PRODUKT(ID_KATEGORII, ID_DZIAŁU, NAZWA) VALUES(9, 10, 'Handcrafted Concrete Soap');
INSERT INTO PRODUKT(ID_KATEGORII, ID_DZIAŁU, NAZWA) VALUES(4, 1, 'Licensed Wooden Computer');
INSERT INTO PRODUKT(ID_KATEGORII, ID_DZIAŁU, NAZWA) VALUES(2, 2, 'Awesome Granite Pants');
INSERT INTO PRODUKT(ID_KATEGORII, ID_DZIAŁU, NAZWA) VALUES(5, 10, 'Gorgeous Wooden Chips');
INSERT INTO PRODUKT(ID_KATEGORII, ID_DZIAŁU, NAZWA) VALUES(1, 6, 'Licensed Granite Gloves');
INSERT INTO PRODUKT(ID_KATEGORII, ID_DZIAŁU, NAZWA) VALUES(10, 4, 'Gorgeous Frozen Ball');
INSERT INTO PRODUKT(ID_KATEGORII, ID_DZIAŁU, NAZWA) VALUES(10, 3, 'Fantastic Plastic Pants');
INSERT INTO PRODUKT(ID_KATEGORII, ID_DZIAŁU, NAZWA) VALUES(2, 8, 'Rustic Cotton Salad');
INSERT INTO PRODUKT(ID_KATEGORII, ID_DZIAŁU, NAZWA) VALUES(7, 6, 'Rustic Cotton Sausages');
INSERT INTO PRODUKT(ID_KATEGORII, ID_DZIAŁU, NAZWA) VALUES(7, 10, 'Handcrafted Cotton Hat');
INSERT INTO PRODUKT(ID_KATEGORII, ID_DZIAŁU, NAZWA) VALUES(2, 5, 'Generic Metal Towels');
INSERT INTO PRODUKT(ID_KATEGORII, ID_DZIAŁU, NAZWA) VALUES(8, 8, 'Fantastic Plastic Soap');
INSERT INTO PRODUKT(ID_KATEGORII, ID_DZIAŁU, NAZWA) VALUES(6, 5, 'Handmade Concrete Keyboard');
INSERT INTO PRODUKT(ID_KATEGORII, ID_DZIAŁU, NAZWA) VALUES(9, 3, 'Fantastic Concrete Salad');
INSERT INTO PRODUKT(ID_KATEGORII, ID_DZIAŁU, NAZWA) VALUES(5, 10, 'Intelligent Frozen Cheese');
INSERT INTO PRODUKT(ID_KATEGORII, ID_DZIAŁU, NAZWA) VALUES(9, 1, 'Handmade Steel Chicken');
INSERT INTO PRODUKT(ID_KATEGORII, ID_DZIAŁU, NAZWA) VALUES(10, 4, 'Incredible Cotton Chicken');
INSERT INTO PRODUKT(ID_KATEGORII, ID_DZIAŁU, NAZWA) VALUES(10, 7, 'Small Wooden Chicken');
INSERT INTO PRODUKT(ID_KATEGORII, ID_DZIAŁU, NAZWA) VALUES(7, 10, 'Ergonomic Granite Hat');
INSERT INTO PRODUKT(ID_KATEGORII, ID_DZIAŁU, NAZWA) VALUES(7, 8, 'Sleek Soft Hat');
INSERT INTO PRODUKT(ID_KATEGORII, ID_DZIAŁU, NAZWA) VALUES(2, 8, 'Rustic Granite Ball');
INSERT INTO PRODUKT(ID_KATEGORII, ID_DZIAŁU, NAZWA) VALUES(8, 3, 'Incredible Soft Chair');
INSERT INTO PRODUKT(ID_KATEGORII, ID_DZIAŁU, NAZWA) VALUES(5, 10, 'Gorgeous Granite Chair');
INSERT INTO PRODUKT(ID_KATEGORII, ID_DZIAŁU, NAZWA) VALUES(3, 4, 'Refined Rubber Ball');
INSERT INTO PRODUKT(ID_KATEGORII, ID_DZIAŁU, NAZWA) VALUES(9, 3, 'Handcrafted Cotton Soap');
INSERT INTO PRODUKT(ID_KATEGORII, ID_DZIAŁU, NAZWA) VALUES(2, 7, 'Tasty Fresh Chair');
INSERT INTO PRODUKT(ID_KATEGORII, ID_DZIAŁU, NAZWA) VALUES(3, 3, 'Incredible Fresh Car');
INSERT INTO PRODUKT(ID_KATEGORII, ID_DZIAŁU, NAZWA) VALUES(2, 4, 'Intelligent Rubber Chips');
INSERT INTO PROMOCJE(ID_PRODUKTU, OBNIŻKA_PROCENTOWA, OD, DO) VALUES(29, 28, TO_DATE('2003-10-10 06:21', 'YYYY-MM-DD HH24:MI'), TO_DATE('2003-10-13 06:21', 'YYYY-MM-DD HH24:MI:'));
INSERT INTO PROMOCJE(ID_PRODUKTU, OBNIŻKA_PROCENTOWA, OD, DO) VALUES(29, 44, TO_DATE('2003-12-04 03:55', 'YYYY-MM-DD HH24:MI'), TO_DATE('2003-12-06 03:55', 'YYYY-MM-DD HH24:MI:'));
INSERT INTO PROMOCJE(ID_PRODUKTU, OBNIŻKA_PROCENTOWA, OD, DO) VALUES(25, 5, TO_DATE('2002-05-30 11:21', 'YYYY-MM-DD HH24:MI'), TO_DATE('2002-06-02 11:21', 'YYYY-MM-DD HH24:MI:'));
INSERT INTO PROMOCJE(ID_PRODUKTU, OBNIŻKA_PROCENTOWA, OD, DO) VALUES(4, 61, TO_DATE('2003-06-19 11:16', 'YYYY-MM-DD HH24:MI'), TO_DATE('2003-06-22 11:16', 'YYYY-MM-DD HH24:MI:'));
INSERT INTO PROMOCJE(ID_PRODUKTU, OBNIŻKA_PROCENTOWA, OD, DO) VALUES(30, 65, TO_DATE('2002-08-31 22:26', 'YYYY-MM-DD HH24:MI'), TO_DATE('2002-09-01 22:26', 'YYYY-MM-DD HH24:MI:'));
INSERT INTO PROMOCJE(ID_PRODUKTU, OBNIŻKA_PROCENTOWA, OD, DO) VALUES(24, 64, TO_DATE('2002-12-23 02:14', 'YYYY-MM-DD HH24:MI'), TO_DATE('2002-12-25 02:14', 'YYYY-MM-DD HH24:MI:'));
INSERT INTO PROMOCJE(ID_PRODUKTU, OBNIŻKA_PROCENTOWA, OD, DO) VALUES(4, 44, TO_DATE('2002-11-29 11:07', 'YYYY-MM-DD HH24:MI'), TO_DATE('2002-12-01 11:07', 'YYYY-MM-DD HH24:MI:'));
INSERT INTO PROMOCJE(ID_PRODUKTU, OBNIŻKA_PROCENTOWA, OD, DO) VALUES(15, 49, TO_DATE('2003-06-17 06:36', 'YYYY-MM-DD HH24:MI'), TO_DATE('2003-06-18 06:36', 'YYYY-MM-DD HH24:MI:'));
INSERT INTO PROMOCJE(ID_PRODUKTU, OBNIŻKA_PROCENTOWA, OD, DO) VALUES(15, 27, TO_DATE('2002-07-28 19:22', 'YYYY-MM-DD HH24:MI'), TO_DATE('2002-07-31 19:22', 'YYYY-MM-DD HH24:MI:'));
INSERT INTO PROMOCJE(ID_PRODUKTU, OBNIŻKA_PROCENTOWA, OD, DO) VALUES(8, 37, TO_DATE('2002-11-09 20:38', 'YYYY-MM-DD HH24:MI'), TO_DATE('2002-11-12 20:38', 'YYYY-MM-DD HH24:MI:'));
INSERT INTO PROMOCJE(ID_PRODUKTU, OBNIŻKA_PROCENTOWA, OD, DO) VALUES(23, 59, TO_DATE('2003-04-29 20:44', 'YYYY-MM-DD HH24:MI'), TO_DATE('2003-05-02 20:44', 'YYYY-MM-DD HH24:MI:'));
INSERT INTO PROMOCJE(ID_PRODUKTU, OBNIŻKA_PROCENTOWA, OD, DO) VALUES(2, 57, TO_DATE('2003-11-23 22:56', 'YYYY-MM-DD HH24:MI'), TO_DATE('2003-11-26 22:56', 'YYYY-MM-DD HH24:MI:'));
INSERT INTO PROMOCJE(ID_PRODUKTU, OBNIŻKA_PROCENTOWA, OD, DO) VALUES(9, 58, TO_DATE('2003-05-22 05:38', 'YYYY-MM-DD HH24:MI'), TO_DATE('2003-05-25 05:38', 'YYYY-MM-DD HH24:MI:'));
INSERT INTO PROMOCJE(ID_PRODUKTU, OBNIŻKA_PROCENTOWA, OD, DO) VALUES(29, 5, TO_DATE('2002-07-22 16:42', 'YYYY-MM-DD HH24:MI'), TO_DATE('2002-07-25 16:42', 'YYYY-MM-DD HH24:MI:'));
INSERT INTO PROMOCJE(ID_PRODUKTU, OBNIŻKA_PROCENTOWA, OD, DO) VALUES(18, 8, TO_DATE('2002-08-12 06:56', 'YYYY-MM-DD HH24:MI'), TO_DATE('2002-08-15 06:56', 'YYYY-MM-DD HH24:MI:'));
INSERT INTO PROMOCJE(ID_PRODUKTU, OBNIŻKA_PROCENTOWA, OD, DO) VALUES(12, 62, TO_DATE('2003-07-12 10:04', 'YYYY-MM-DD HH24:MI'), TO_DATE('2003-07-14 10:04', 'YYYY-MM-DD HH24:MI:'));
INSERT INTO PROMOCJE(ID_PRODUKTU, OBNIŻKA_PROCENTOWA, OD, DO) VALUES(17, 8, TO_DATE('2003-09-06 02:08', 'YYYY-MM-DD HH24:MI'), TO_DATE('2003-09-09 02:08', 'YYYY-MM-DD HH24:MI:'));
INSERT INTO PROMOCJE(ID_PRODUKTU, OBNIŻKA_PROCENTOWA, OD, DO) VALUES(16, 20, TO_DATE('2002-03-12 19:16', 'YYYY-MM-DD HH24:MI'), TO_DATE('2002-03-14 19:16', 'YYYY-MM-DD HH24:MI:'));
INSERT INTO PROMOCJE(ID_PRODUKTU, OBNIŻKA_PROCENTOWA, OD, DO) VALUES(29, 34, TO_DATE('2003-01-10 04:49', 'YYYY-MM-DD HH24:MI'), TO_DATE('2003-01-12 04:49', 'YYYY-MM-DD HH24:MI:'));
INSERT INTO PROMOCJE(ID_PRODUKTU, OBNIŻKA_PROCENTOWA, OD, DO) VALUES(27, 15, TO_DATE('2001-12-19 12:27', 'YYYY-MM-DD HH24:MI'), TO_DATE('2001-12-21 12:27', 'YYYY-MM-DD HH24:MI:'));
INSERT INTO PROMOCJE(ID_PRODUKTU, OBNIŻKA_PROCENTOWA, OD, DO) VALUES(15, 12, TO_DATE('2003-04-04 00:12', 'YYYY-MM-DD HH24:MI'), TO_DATE('2003-04-05 00:12', 'YYYY-MM-DD HH24:MI:'));
INSERT INTO PROMOCJE(ID_PRODUKTU, OBNIŻKA_PROCENTOWA, OD, DO) VALUES(21, 3, TO_DATE('2002-02-28 15:06', 'YYYY-MM-DD HH24:MI'), TO_DATE('2002-03-03 15:06', 'YYYY-MM-DD HH24:MI:'));
INSERT INTO PROMOCJE(ID_PRODUKTU, OBNIŻKA_PROCENTOWA, OD, DO) VALUES(16, 71, TO_DATE('2002-02-25 00:46', 'YYYY-MM-DD HH24:MI'), TO_DATE('2002-02-28 00:46', 'YYYY-MM-DD HH24:MI:'));
INSERT INTO PROMOCJE(ID_PRODUKTU, OBNIŻKA_PROCENTOWA, OD, DO) VALUES(12, 74, TO_DATE('2003-08-20 18:12', 'YYYY-MM-DD HH24:MI'), TO_DATE('2003-08-23 18:12', 'YYYY-MM-DD HH24:MI:'));
INSERT INTO PROMOCJE(ID_PRODUKTU, OBNIŻKA_PROCENTOWA, OD, DO) VALUES(1, 46, TO_DATE('2003-08-10 23:04', 'YYYY-MM-DD HH24:MI'), TO_DATE('2003-08-11 23:04', 'YYYY-MM-DD HH24:MI:'));
INSERT INTO PROMOCJE(ID_PRODUKTU, OBNIŻKA_PROCENTOWA, OD, DO) VALUES(17, 11, TO_DATE('2003-03-19 07:13', 'YYYY-MM-DD HH24:MI'), TO_DATE('2003-03-21 07:13', 'YYYY-MM-DD HH24:MI:'));
INSERT INTO PROMOCJE(ID_PRODUKTU, OBNIŻKA_PROCENTOWA, OD, DO) VALUES(9, 57, TO_DATE('2003-06-27 08:21', 'YYYY-MM-DD HH24:MI'), TO_DATE('2003-06-30 08:21', 'YYYY-MM-DD HH24:MI:'));
INSERT INTO PROMOCJE(ID_PRODUKTU, OBNIŻKA_PROCENTOWA, OD, DO) VALUES(17, 61, TO_DATE('2003-04-27 01:53', 'YYYY-MM-DD HH24:MI'), TO_DATE('2003-04-29 01:53', 'YYYY-MM-DD HH24:MI:'));
INSERT INTO PROMOCJE(ID_PRODUKTU, OBNIŻKA_PROCENTOWA, OD, DO) VALUES(24, 30, TO_DATE('2002-12-03 10:16', 'YYYY-MM-DD HH24:MI'), TO_DATE('2002-12-05 10:16', 'YYYY-MM-DD HH24:MI:'));
INSERT INTO PROMOCJE(ID_PRODUKTU, OBNIŻKA_PROCENTOWA, OD, DO) VALUES(22, 69, TO_DATE('2003-04-01 18:55', 'YYYY-MM-DD HH24:MI'), TO_DATE('2003-04-03 18:55', 'YYYY-MM-DD HH24:MI:'));
INSERT INTO PROMOCJE(ID_PRODUKTU, OBNIŻKA_PROCENTOWA, OD, DO) VALUES(4, 61, TO_DATE('2002-05-01 07:55', 'YYYY-MM-DD HH24:MI'), TO_DATE('2002-05-02 07:55', 'YYYY-MM-DD HH24:MI:'));
INSERT INTO PROMOCJE(ID_PRODUKTU, OBNIŻKA_PROCENTOWA, OD, DO) VALUES(28, 1, TO_DATE('2002-09-30 03:29', 'YYYY-MM-DD HH24:MI'), TO_DATE('2002-10-03 03:29', 'YYYY-MM-DD HH24:MI:'));
INSERT INTO PROMOCJE(ID_PRODUKTU, OBNIŻKA_PROCENTOWA, OD, DO) VALUES(11, 33, TO_DATE('2002-01-16 14:44', 'YYYY-MM-DD HH24:MI'), TO_DATE('2002-01-18 14:44', 'YYYY-MM-DD HH24:MI:'));
INSERT INTO PROMOCJE(ID_PRODUKTU, OBNIŻKA_PROCENTOWA, OD, DO) VALUES(23, 29, TO_DATE('2003-10-31 20:25', 'YYYY-MM-DD HH24:MI'), TO_DATE('2003-11-01 20:25', 'YYYY-MM-DD HH24:MI:'));
INSERT INTO PROMOCJE(ID_PRODUKTU, OBNIŻKA_PROCENTOWA, OD, DO) VALUES(26, 54, TO_DATE('2003-03-23 12:02', 'YYYY-MM-DD HH24:MI'), TO_DATE('2003-03-24 12:02', 'YYYY-MM-DD HH24:MI:'));
INSERT INTO PROMOCJE(ID_PRODUKTU, OBNIŻKA_PROCENTOWA, OD, DO) VALUES(18, 28, TO_DATE('2003-08-29 15:39', 'YYYY-MM-DD HH24:MI'), TO_DATE('2003-08-31 15:39', 'YYYY-MM-DD HH24:MI:'));
INSERT INTO PROMOCJE(ID_PRODUKTU, OBNIŻKA_PROCENTOWA, OD, DO) VALUES(2, 18, TO_DATE('2003-09-15 22:24', 'YYYY-MM-DD HH24:MI'), TO_DATE('2003-09-18 22:24', 'YYYY-MM-DD HH24:MI:'));
INSERT INTO PROMOCJE(ID_PRODUKTU, OBNIŻKA_PROCENTOWA, OD, DO) VALUES(30, 5, TO_DATE('2002-01-09 17:16', 'YYYY-MM-DD HH24:MI'), TO_DATE('2002-01-12 17:16', 'YYYY-MM-DD HH24:MI:'));
INSERT INTO PROMOCJE(ID_PRODUKTU, OBNIŻKA_PROCENTOWA, OD, DO) VALUES(25, 73, TO_DATE('2002-10-11 04:01', 'YYYY-MM-DD HH24:MI'), TO_DATE('2002-10-14 04:01', 'YYYY-MM-DD HH24:MI:'));
INSERT INTO PROMOCJE(ID_PRODUKTU, OBNIŻKA_PROCENTOWA, OD, DO) VALUES(13, 46, TO_DATE('2003-12-05 01:19', 'YYYY-MM-DD HH24:MI'), TO_DATE('2003-12-07 01:19', 'YYYY-MM-DD HH24:MI:'));
INSERT INTO PROMOCJE(ID_PRODUKTU, OBNIŻKA_PROCENTOWA, OD, DO) VALUES(1, 57, TO_DATE('2003-05-28 05:56', 'YYYY-MM-DD HH24:MI'), TO_DATE('2003-05-30 05:56', 'YYYY-MM-DD HH24:MI:'));
INSERT INTO PROMOCJE(ID_PRODUKTU, OBNIŻKA_PROCENTOWA, OD, DO) VALUES(8, 69, TO_DATE('2003-09-29 00:59', 'YYYY-MM-DD HH24:MI'), TO_DATE('2003-10-02 00:59', 'YYYY-MM-DD HH24:MI:'));
INSERT INTO PROMOCJE(ID_PRODUKTU, OBNIŻKA_PROCENTOWA, OD, DO) VALUES(24, 11, TO_DATE('2003-07-30 18:38', 'YYYY-MM-DD HH24:MI'), TO_DATE('2003-08-02 18:38', 'YYYY-MM-DD HH24:MI:'));
INSERT INTO PROMOCJE(ID_PRODUKTU, OBNIŻKA_PROCENTOWA, OD, DO) VALUES(18, 7, TO_DATE('2003-01-17 08:23', 'YYYY-MM-DD HH24:MI'), TO_DATE('2003-01-18 08:23', 'YYYY-MM-DD HH24:MI:'));
INSERT INTO PROMOCJE(ID_PRODUKTU, OBNIŻKA_PROCENTOWA, OD, DO) VALUES(15, 72, TO_DATE('2003-11-09 13:03', 'YYYY-MM-DD HH24:MI'), TO_DATE('2003-11-12 13:03', 'YYYY-MM-DD HH24:MI:'));
INSERT INTO PROMOCJE(ID_PRODUKTU, OBNIŻKA_PROCENTOWA, OD, DO) VALUES(15, 31, TO_DATE('2003-11-06 16:46', 'YYYY-MM-DD HH24:MI'), TO_DATE('2003-11-07 16:46', 'YYYY-MM-DD HH24:MI:'));
INSERT INTO PROMOCJE(ID_PRODUKTU, OBNIŻKA_PROCENTOWA, OD, DO) VALUES(5, 15, TO_DATE('2003-09-21 22:09', 'YYYY-MM-DD HH24:MI'), TO_DATE('2003-09-24 22:09', 'YYYY-MM-DD HH24:MI:'));
INSERT INTO PROMOCJE(ID_PRODUKTU, OBNIŻKA_PROCENTOWA, OD, DO) VALUES(10, 13, TO_DATE('2002-05-27 19:00', 'YYYY-MM-DD HH24:MI'), TO_DATE('2002-05-29 19:00', 'YYYY-MM-DD HH24:MI:'));
INSERT INTO PROMOCJE(ID_PRODUKTU, OBNIŻKA_PROCENTOWA, OD, DO) VALUES(15, 17, TO_DATE('2003-12-01 22:21', 'YYYY-MM-DD HH24:MI'), TO_DATE('2003-12-02 22:21', 'YYYY-MM-DD HH24:MI:'));
INSERT INTO PROMOCJE(ID_PRODUKTU, OBNIŻKA_PROCENTOWA, OD, DO) VALUES(10, 54, TO_DATE('2003-11-12 11:26', 'YYYY-MM-DD HH24:MI'), TO_DATE('2003-11-15 11:26', 'YYYY-MM-DD HH24:MI:'));
INSERT INTO PROMOCJE(ID_PRODUKTU, OBNIŻKA_PROCENTOWA, OD, DO) VALUES(28, 37, TO_DATE('2002-05-04 01:32', 'YYYY-MM-DD HH24:MI'), TO_DATE('2002-05-06 01:32', 'YYYY-MM-DD HH24:MI:'));
INSERT INTO CENA_PRODUKTU(ID_PRODUKTU, CENA, OD, DO) VALUES(1, 297, TO_DATE('2001-12-17 01:00', 'YYYY-MM-DD HH24:MI'), TO_DATE('2002-01-30 01:00', 'YYYY-MM-DD HH24:MI:'));
INSERT INTO CENA_PRODUKTU(ID_PRODUKTU, CENA, OD, DO) VALUES(2, 368, TO_DATE('2001-12-17 01:00', 'YYYY-MM-DD HH24:MI'), TO_DATE('2002-07-27 01:00', 'YYYY-MM-DD HH24:MI:'));
INSERT INTO CENA_PRODUKTU(ID_PRODUKTU, CENA, OD, DO) VALUES(3, 399, TO_DATE('2001-12-17 01:00', 'YYYY-MM-DD HH24:MI'), TO_DATE('2002-08-04 01:00', 'YYYY-MM-DD HH24:MI:'));
INSERT INTO CENA_PRODUKTU(ID_PRODUKTU, CENA, OD, DO) VALUES(4, 119, TO_DATE('2001-12-17 01:00', 'YYYY-MM-DD HH24:MI'), TO_DATE('2002-06-10 01:00', 'YYYY-MM-DD HH24:MI:'));
INSERT INTO CENA_PRODUKTU(ID_PRODUKTU, CENA, OD, DO) VALUES(5, 413, TO_DATE('2001-12-17 01:00', 'YYYY-MM-DD HH24:MI'), TO_DATE('2002-05-18 01:00', 'YYYY-MM-DD HH24:MI:'));
INSERT INTO CENA_PRODUKTU(ID_PRODUKTU, CENA, OD, DO) VALUES(6, 299, TO_DATE('2001-12-17 01:00', 'YYYY-MM-DD HH24:MI'), TO_DATE('2002-08-19 01:00', 'YYYY-MM-DD HH24:MI:'));
INSERT INTO CENA_PRODUKTU(ID_PRODUKTU, CENA, OD, DO) VALUES(7, 308, TO_DATE('2001-12-17 01:00', 'YYYY-MM-DD HH24:MI'), TO_DATE('2002-02-21 01:00', 'YYYY-MM-DD HH24:MI:'));
INSERT INTO CENA_PRODUKTU(ID_PRODUKTU, CENA, OD, DO) VALUES(8, 320, TO_DATE('2001-12-17 01:00', 'YYYY-MM-DD HH24:MI'), TO_DATE('2002-07-14 01:00', 'YYYY-MM-DD HH24:MI:'));
INSERT INTO CENA_PRODUKTU(ID_PRODUKTU, CENA, OD, DO) VALUES(9, 218, TO_DATE('2001-12-17 01:00', 'YYYY-MM-DD HH24:MI'), TO_DATE('2002-01-08 01:00', 'YYYY-MM-DD HH24:MI:'));
INSERT INTO CENA_PRODUKTU(ID_PRODUKTU, CENA, OD, DO) VALUES(10, 280, TO_DATE('2001-12-17 01:00', 'YYYY-MM-DD HH24:MI'), TO_DATE('2002-03-18 01:00', 'YYYY-MM-DD HH24:MI:'));
INSERT INTO CENA_PRODUKTU(ID_PRODUKTU, CENA, OD, DO) VALUES(11, 43, TO_DATE('2001-12-17 01:00', 'YYYY-MM-DD HH24:MI'), TO_DATE('2002-04-25 01:00', 'YYYY-MM-DD HH24:MI:'));
INSERT INTO CENA_PRODUKTU(ID_PRODUKTU, CENA, OD, DO) VALUES(12, 247, TO_DATE('2001-12-17 01:00', 'YYYY-MM-DD HH24:MI'), TO_DATE('2002-05-25 01:00', 'YYYY-MM-DD HH24:MI:'));
INSERT INTO CENA_PRODUKTU(ID_PRODUKTU, CENA, OD, DO) VALUES(13, 50, TO_DATE('2001-12-17 01:00', 'YYYY-MM-DD HH24:MI'), TO_DATE('2002-03-04 01:00', 'YYYY-MM-DD HH24:MI:'));
INSERT INTO CENA_PRODUKTU(ID_PRODUKTU, CENA, OD, DO) VALUES(14, 428, TO_DATE('2001-12-17 01:00', 'YYYY-MM-DD HH24:MI'), TO_DATE('2002-11-16 01:00', 'YYYY-MM-DD HH24:MI:'));
INSERT INTO CENA_PRODUKTU(ID_PRODUKTU, CENA, OD, DO) VALUES(15, 211, TO_DATE('2001-12-17 01:00', 'YYYY-MM-DD HH24:MI'), TO_DATE('2002-03-09 01:00', 'YYYY-MM-DD HH24:MI:'));
INSERT INTO CENA_PRODUKTU(ID_PRODUKTU, CENA, OD, DO) VALUES(16, 85, TO_DATE('2001-12-17 01:00', 'YYYY-MM-DD HH24:MI'), TO_DATE('2002-12-24 01:00', 'YYYY-MM-DD HH24:MI:'));
INSERT INTO CENA_PRODUKTU(ID_PRODUKTU, CENA, OD, DO) VALUES(17, 492, TO_DATE('2001-12-17 01:00', 'YYYY-MM-DD HH24:MI'), TO_DATE('2002-08-30 01:00', 'YYYY-MM-DD HH24:MI:'));
INSERT INTO CENA_PRODUKTU(ID_PRODUKTU, CENA, OD, DO) VALUES(18, 361, TO_DATE('2001-12-17 01:00', 'YYYY-MM-DD HH24:MI'), TO_DATE('2002-03-18 01:00', 'YYYY-MM-DD HH24:MI:'));
INSERT INTO CENA_PRODUKTU(ID_PRODUKTU, CENA, OD, DO) VALUES(19, 352, TO_DATE('2001-12-17 01:00', 'YYYY-MM-DD HH24:MI'), TO_DATE('2002-09-02 01:00', 'YYYY-MM-DD HH24:MI:'));
INSERT INTO CENA_PRODUKTU(ID_PRODUKTU, CENA, OD, DO) VALUES(20, 124, TO_DATE('2001-12-17 01:00', 'YYYY-MM-DD HH24:MI'), TO_DATE('2002-06-23 01:00', 'YYYY-MM-DD HH24:MI:'));
INSERT INTO CENA_PRODUKTU(ID_PRODUKTU, CENA, OD, DO) VALUES(21, 265, TO_DATE('2001-12-17 01:00', 'YYYY-MM-DD HH24:MI'), TO_DATE('2003-01-12 01:00', 'YYYY-MM-DD HH24:MI:'));
INSERT INTO CENA_PRODUKTU(ID_PRODUKTU, CENA, OD, DO) VALUES(22, 149, TO_DATE('2001-12-17 01:00', 'YYYY-MM-DD HH24:MI'), TO_DATE('2002-07-30 01:00', 'YYYY-MM-DD HH24:MI:'));
INSERT INTO CENA_PRODUKTU(ID_PRODUKTU, CENA, OD, DO) VALUES(23, 230, TO_DATE('2001-12-17 01:00', 'YYYY-MM-DD HH24:MI'), TO_DATE('2002-04-21 01:00', 'YYYY-MM-DD HH24:MI:'));
INSERT INTO CENA_PRODUKTU(ID_PRODUKTU, CENA, OD, DO) VALUES(24, 404, TO_DATE('2001-12-17 01:00', 'YYYY-MM-DD HH24:MI'), TO_DATE('2002-02-07 01:00', 'YYYY-MM-DD HH24:MI:'));
INSERT INTO CENA_PRODUKTU(ID_PRODUKTU, CENA, OD, DO) VALUES(25, 252, TO_DATE('2001-12-17 01:00', 'YYYY-MM-DD HH24:MI'), TO_DATE('2002-05-30 01:00', 'YYYY-MM-DD HH24:MI:'));
INSERT INTO CENA_PRODUKTU(ID_PRODUKTU, CENA, OD, DO) VALUES(26, 371, TO_DATE('2001-12-17 01:00', 'YYYY-MM-DD HH24:MI'), TO_DATE('2002-10-25 01:00', 'YYYY-MM-DD HH24:MI:'));
INSERT INTO CENA_PRODUKTU(ID_PRODUKTU, CENA, OD, DO) VALUES(27, 110, TO_DATE('2001-12-17 01:00', 'YYYY-MM-DD HH24:MI'), TO_DATE('2002-12-21 01:00', 'YYYY-MM-DD HH24:MI:'));
INSERT INTO CENA_PRODUKTU(ID_PRODUKTU, CENA, OD, DO) VALUES(28, 199, TO_DATE('2001-12-17 01:00', 'YYYY-MM-DD HH24:MI'), TO_DATE('2002-10-27 01:00', 'YYYY-MM-DD HH24:MI:'));
INSERT INTO CENA_PRODUKTU(ID_PRODUKTU, CENA, OD, DO) VALUES(29, 225, TO_DATE('2001-12-17 01:00', 'YYYY-MM-DD HH24:MI'), TO_DATE('2002-07-07 01:00', 'YYYY-MM-DD HH24:MI:'));
INSERT INTO CENA_PRODUKTU(ID_PRODUKTU, CENA, OD, DO) VALUES(30, 135, TO_DATE('2001-12-17 01:00', 'YYYY-MM-DD HH24:MI'), TO_DATE('2002-08-03 01:00', 'YYYY-MM-DD HH24:MI:'));
INSERT INTO CENA_PRODUKTU(ID_PRODUKTU, CENA, OD, DO) VALUES(31, 432, TO_DATE('2001-12-17 01:00', 'YYYY-MM-DD HH24:MI'), TO_DATE('2002-08-04 01:00', 'YYYY-MM-DD HH24:MI:'));
INSERT INTO PRODUKT_ZAMÓWIENIE(ID_PRODUKTU, ID_ZAMÓWIENIA, LICZBA_SZTUK, KOSZT_ZAMÓWIENIA_SZTUKI) VALUES(1, 23, 862, 766);
INSERT INTO PRODUKT_ZAMÓWIENIE(ID_PRODUKTU, ID_ZAMÓWIENIA, LICZBA_SZTUK, KOSZT_ZAMÓWIENIA_SZTUKI) VALUES(2, 28, 751, 83);
INSERT INTO PRODUKT_ZAMÓWIENIE(ID_PRODUKTU, ID_ZAMÓWIENIA, LICZBA_SZTUK, KOSZT_ZAMÓWIENIA_SZTUKI) VALUES(3, 6, 5, 715);
INSERT INTO PRODUKT_ZAMÓWIENIE(ID_PRODUKTU, ID_ZAMÓWIENIA, LICZBA_SZTUK, KOSZT_ZAMÓWIENIA_SZTUKI) VALUES(4, 27, 959, 210);
INSERT INTO PRODUKT_ZAMÓWIENIE(ID_PRODUKTU, ID_ZAMÓWIENIA, LICZBA_SZTUK, KOSZT_ZAMÓWIENIA_SZTUKI) VALUES(5, 6, 370, 951);
INSERT INTO PRODUKT_ZAMÓWIENIE(ID_PRODUKTU, ID_ZAMÓWIENIA, LICZBA_SZTUK, KOSZT_ZAMÓWIENIA_SZTUKI) VALUES(6, 14, 169, 422);
INSERT INTO PRODUKT_ZAMÓWIENIE(ID_PRODUKTU, ID_ZAMÓWIENIA, LICZBA_SZTUK, KOSZT_ZAMÓWIENIA_SZTUKI) VALUES(7, 14, 523, 715);
INSERT INTO PRODUKT_ZAMÓWIENIE(ID_PRODUKTU, ID_ZAMÓWIENIA, LICZBA_SZTUK, KOSZT_ZAMÓWIENIA_SZTUKI) VALUES(8, 6, 94, 174);
INSERT INTO PRODUKT_ZAMÓWIENIE(ID_PRODUKTU, ID_ZAMÓWIENIA, LICZBA_SZTUK, KOSZT_ZAMÓWIENIA_SZTUKI) VALUES(9, 27, 357, 903);
INSERT INTO PRODUKT_ZAMÓWIENIE(ID_PRODUKTU, ID_ZAMÓWIENIA, LICZBA_SZTUK, KOSZT_ZAMÓWIENIA_SZTUKI) VALUES(10, 23, 400, 675);
INSERT INTO PRODUKT_ZAMÓWIENIE(ID_PRODUKTU, ID_ZAMÓWIENIA, LICZBA_SZTUK, KOSZT_ZAMÓWIENIA_SZTUKI) VALUES(11, 23, 345, 856);
INSERT INTO PRODUKT_ZAMÓWIENIE(ID_PRODUKTU, ID_ZAMÓWIENIA, LICZBA_SZTUK, KOSZT_ZAMÓWIENIA_SZTUKI) VALUES(12, 16, 790, 469);
INSERT INTO PRODUKT_ZAMÓWIENIE(ID_PRODUKTU, ID_ZAMÓWIENIA, LICZBA_SZTUK, KOSZT_ZAMÓWIENIA_SZTUKI) VALUES(13, 21, 487, 693);
INSERT INTO PRODUKT_ZAMÓWIENIE(ID_PRODUKTU, ID_ZAMÓWIENIA, LICZBA_SZTUK, KOSZT_ZAMÓWIENIA_SZTUKI) VALUES(14, 11, 68, 402);
INSERT INTO PRODUKT_ZAMÓWIENIE(ID_PRODUKTU, ID_ZAMÓWIENIA, LICZBA_SZTUK, KOSZT_ZAMÓWIENIA_SZTUKI) VALUES(15, 4, 573, 8);
INSERT INTO PRODUKT_ZAMÓWIENIE(ID_PRODUKTU, ID_ZAMÓWIENIA, LICZBA_SZTUK, KOSZT_ZAMÓWIENIA_SZTUKI) VALUES(16, 9, 238, 323);
INSERT INTO PRODUKT_ZAMÓWIENIE(ID_PRODUKTU, ID_ZAMÓWIENIA, LICZBA_SZTUK, KOSZT_ZAMÓWIENIA_SZTUKI) VALUES(17, 10, 662, 562);
INSERT INTO PRODUKT_ZAMÓWIENIE(ID_PRODUKTU, ID_ZAMÓWIENIA, LICZBA_SZTUK, KOSZT_ZAMÓWIENIA_SZTUKI) VALUES(18, 7, 395, 137);
INSERT INTO PRODUKT_ZAMÓWIENIE(ID_PRODUKTU, ID_ZAMÓWIENIA, LICZBA_SZTUK, KOSZT_ZAMÓWIENIA_SZTUKI) VALUES(19, 24, 742, 263);
INSERT INTO PRODUKT_ZAMÓWIENIE(ID_PRODUKTU, ID_ZAMÓWIENIA, LICZBA_SZTUK, KOSZT_ZAMÓWIENIA_SZTUKI) VALUES(20, 7, 309, 93);
INSERT INTO PRODUKT_ZAMÓWIENIE(ID_PRODUKTU, ID_ZAMÓWIENIA, LICZBA_SZTUK, KOSZT_ZAMÓWIENIA_SZTUKI) VALUES(21, 17, 442, 506);
INSERT INTO PRODUKT_ZAMÓWIENIE(ID_PRODUKTU, ID_ZAMÓWIENIA, LICZBA_SZTUK, KOSZT_ZAMÓWIENIA_SZTUKI) VALUES(22, 15, 346, 308);
INSERT INTO MAGAZYN(ID_ODDZIAŁU, ID_PRODUKTU, LICZBA_PRODUKTÓW, CZAS) VALUES(4, 1, 9907, TO_DATE('2003-11-25 20:39', 'YYYY-MM-DD HH24:MI'));
INSERT INTO MAGAZYN(ID_ODDZIAŁU, ID_PRODUKTU, LICZBA_PRODUKTÓW, CZAS) VALUES(1, 2, 3266, TO_DATE('2003-03-17 14:47', 'YYYY-MM-DD HH24:MI'));
INSERT INTO MAGAZYN(ID_ODDZIAŁU, ID_PRODUKTU, LICZBA_PRODUKTÓW, CZAS) VALUES(1, 3, 8548, TO_DATE('2002-10-17 09:58', 'YYYY-MM-DD HH24:MI'));
INSERT INTO MAGAZYN(ID_ODDZIAŁU, ID_PRODUKTU, LICZBA_PRODUKTÓW, CZAS) VALUES(4, 4, 6769, TO_DATE('2003-09-29 13:33', 'YYYY-MM-DD HH24:MI'));
INSERT INTO MAGAZYN(ID_ODDZIAŁU, ID_PRODUKTU, LICZBA_PRODUKTÓW, CZAS) VALUES(6, 5, 486, TO_DATE('2003-05-31 17:33', 'YYYY-MM-DD HH24:MI'));
INSERT INTO MAGAZYN(ID_ODDZIAŁU, ID_PRODUKTU, LICZBA_PRODUKTÓW, CZAS) VALUES(6, 6, 3630, TO_DATE('2003-11-06 11:13', 'YYYY-MM-DD HH24:MI'));
INSERT INTO MAGAZYN(ID_ODDZIAŁU, ID_PRODUKTU, LICZBA_PRODUKTÓW, CZAS) VALUES(10, 7, 2344, TO_DATE('2002-12-02 07:05', 'YYYY-MM-DD HH24:MI'));
INSERT INTO MAGAZYN(ID_ODDZIAŁU, ID_PRODUKTU, LICZBA_PRODUKTÓW, CZAS) VALUES(8, 8, 5978, TO_DATE('2002-12-04 21:12', 'YYYY-MM-DD HH24:MI'));
INSERT INTO MAGAZYN(ID_ODDZIAŁU, ID_PRODUKTU, LICZBA_PRODUKTÓW, CZAS) VALUES(4, 9, 3790, TO_DATE('2002-10-27 17:22', 'YYYY-MM-DD HH24:MI'));
INSERT INTO MAGAZYN(ID_ODDZIAŁU, ID_PRODUKTU, LICZBA_PRODUKTÓW, CZAS) VALUES(5, 10, 549, TO_DATE('2002-05-07 16:40', 'YYYY-MM-DD HH24:MI'));
INSERT INTO MAGAZYN(ID_ODDZIAŁU, ID_PRODUKTU, LICZBA_PRODUKTÓW, CZAS) VALUES(5, 11, 634, TO_DATE('2002-04-25 07:09', 'YYYY-MM-DD HH24:MI'));
INSERT INTO MAGAZYN(ID_ODDZIAŁU, ID_PRODUKTU, LICZBA_PRODUKTÓW, CZAS) VALUES(10, 12, 4406, TO_DATE('2003-12-03 23:47', 'YYYY-MM-DD HH24:MI'));
INSERT INTO MAGAZYN(ID_ODDZIAŁU, ID_PRODUKTU, LICZBA_PRODUKTÓW, CZAS) VALUES(3, 13, 4361, TO_DATE('2003-07-14 03:05', 'YYYY-MM-DD HH24:MI'));
INSERT INTO MAGAZYN(ID_ODDZIAŁU, ID_PRODUKTU, LICZBA_PRODUKTÓW, CZAS) VALUES(5, 14, 5881, TO_DATE('2003-03-07 08:23', 'YYYY-MM-DD HH24:MI'));
INSERT INTO MAGAZYN(ID_ODDZIAŁU, ID_PRODUKTU, LICZBA_PRODUKTÓW, CZAS) VALUES(5, 15, 616, TO_DATE('2002-06-20 14:08', 'YYYY-MM-DD HH24:MI'));
INSERT INTO MAGAZYN(ID_ODDZIAŁU, ID_PRODUKTU, LICZBA_PRODUKTÓW, CZAS) VALUES(1, 16, 2497, TO_DATE('2003-10-07 04:54', 'YYYY-MM-DD HH24:MI'));
INSERT INTO MAGAZYN(ID_ODDZIAŁU, ID_PRODUKTU, LICZBA_PRODUKTÓW, CZAS) VALUES(7, 17, 3379, TO_DATE('2003-11-07 00:31', 'YYYY-MM-DD HH24:MI'));
INSERT INTO MAGAZYN(ID_ODDZIAŁU, ID_PRODUKTU, LICZBA_PRODUKTÓW, CZAS) VALUES(8, 18, 6301, TO_DATE('2003-03-21 05:52', 'YYYY-MM-DD HH24:MI'));
INSERT INTO MAGAZYN(ID_ODDZIAŁU, ID_PRODUKTU, LICZBA_PRODUKTÓW, CZAS) VALUES(9, 19, 1828, TO_DATE('2002-11-24 21:36', 'YYYY-MM-DD HH24:MI'));
INSERT INTO SPRZEDAŻ(ID_REKLAMACJI, ID_OCENY, ID_PRODUKTU, ID_PRACOWNIKA, ID_ODDZIAŁU, LICZBA_PRODUKTÓW, CZAS, ZYSK, NUMER_TRANSAKCJI) VALUES(2, 3, 2, 1, 7, 9, TO_DATE('2002-04-06 09:25', 'YYYY-MM-DD HH24:MI'), 194, 1);
INSERT INTO SPRZEDAŻ(ID_REKLAMACJI, ID_OCENY, ID_PRODUKTU, ID_PRACOWNIKA, ID_ODDZIAŁU, LICZBA_PRODUKTÓW, CZAS, ZYSK, NUMER_TRANSAKCJI) VALUES(3, 2, 24, 17, 8, 6, TO_DATE('2003-10-21 18:34', 'YYYY-MM-DD HH24:MI'), 474, 2);
INSERT INTO SPRZEDAŻ(ID_REKLAMACJI, ID_OCENY, ID_PRODUKTU, ID_PRACOWNIKA, ID_ODDZIAŁU, LICZBA_PRODUKTÓW, CZAS, ZYSK, NUMER_TRANSAKCJI) VALUES(1, 1, 22, 16, 10, 2, TO_DATE('2003-05-24 07:46', 'YYYY-MM-DD HH24:MI'), 135, 3);
INSERT INTO SPRZEDAŻ(ID_REKLAMACJI, ID_OCENY, ID_PRODUKTU, ID_PRACOWNIKA, ID_ODDZIAŁU, LICZBA_PRODUKTÓW, CZAS, ZYSK, NUMER_TRANSAKCJI) VALUES(3, 1, 9, 13, 7, 4, TO_DATE('2002-02-17 08:53', 'YYYY-MM-DD HH24:MI'), 463, 4);
INSERT INTO SPRZEDAŻ(ID_REKLAMACJI, ID_OCENY, ID_PRODUKTU, ID_PRACOWNIKA, ID_ODDZIAŁU, LICZBA_PRODUKTÓW, CZAS, ZYSK, NUMER_TRANSAKCJI) VALUES(2, 1, 8, 1, 7, 2, TO_DATE('2003-03-23 16:54', 'YYYY-MM-DD HH24:MI'), 189, 5);
INSERT INTO SPRZEDAŻ(ID_REKLAMACJI, ID_OCENY, ID_PRODUKTU, ID_PRACOWNIKA, ID_ODDZIAŁU, LICZBA_PRODUKTÓW, CZAS, ZYSK, NUMER_TRANSAKCJI) VALUES(2, 1, 5, 16, 7, 4, TO_DATE('2002-05-11 23:57', 'YYYY-MM-DD HH24:MI'), 161, 6);
INSERT INTO SPRZEDAŻ(ID_REKLAMACJI, ID_OCENY, ID_PRODUKTU, ID_PRACOWNIKA, ID_ODDZIAŁU, LICZBA_PRODUKTÓW, CZAS, ZYSK, NUMER_TRANSAKCJI) VALUES(3, 1, 15, 9, 3, 3, TO_DATE('2002-08-13 22:44', 'YYYY-MM-DD HH24:MI'), 522, 7);
INSERT INTO SPRZEDAŻ(ID_REKLAMACJI, ID_OCENY, ID_PRODUKTU, ID_PRACOWNIKA, ID_ODDZIAŁU, LICZBA_PRODUKTÓW, CZAS, ZYSK, NUMER_TRANSAKCJI) VALUES(3, 1, 17, 19, 6, 5, TO_DATE('2003-07-20 15:45', 'YYYY-MM-DD HH24:MI'), 242, 8);
INSERT INTO SPRZEDAŻ(ID_REKLAMACJI, ID_OCENY, ID_PRODUKTU, ID_PRACOWNIKA, ID_ODDZIAŁU, LICZBA_PRODUKTÓW, CZAS, ZYSK, NUMER_TRANSAKCJI) VALUES(1, 3, 17, 15, 10, 2, TO_DATE('2003-09-20 09:20', 'YYYY-MM-DD HH24:MI'), 310, 9);
INSERT INTO SPRZEDAŻ(ID_REKLAMACJI, ID_OCENY, ID_PRODUKTU, ID_PRACOWNIKA, ID_ODDZIAŁU, LICZBA_PRODUKTÓW, CZAS, ZYSK, NUMER_TRANSAKCJI) VALUES(2, 2, 25, 3, 10, 4, TO_DATE('2003-04-11 20:05', 'YYYY-MM-DD HH24:MI'), 215, 10);
INSERT INTO SPRZEDAŻ(ID_REKLAMACJI, ID_OCENY, ID_PRODUKTU, ID_PRACOWNIKA, ID_ODDZIAŁU, LICZBA_PRODUKTÓW, CZAS, ZYSK, NUMER_TRANSAKCJI) VALUES(2, 1, 15, 4, 8, 10, TO_DATE('2003-12-04 23:07', 'YYYY-MM-DD HH24:MI'), 244, 11);
INSERT INTO SPRZEDAŻ(ID_REKLAMACJI, ID_OCENY, ID_PRODUKTU, ID_PRACOWNIKA, ID_ODDZIAŁU, LICZBA_PRODUKTÓW, CZAS, ZYSK, NUMER_TRANSAKCJI) VALUES(3, 3, 10, 1, 10, 4, TO_DATE('2002-10-29 00:21', 'YYYY-MM-DD HH24:MI'), 299, 12);
INSERT INTO SPRZEDAŻ(ID_REKLAMACJI, ID_OCENY, ID_PRODUKTU, ID_PRACOWNIKA, ID_ODDZIAŁU, LICZBA_PRODUKTÓW, CZAS, ZYSK, NUMER_TRANSAKCJI) VALUES(1, 1, 20, 12, 4, 3, TO_DATE('2002-04-20 03:46', 'YYYY-MM-DD HH24:MI'), 561, 13);
INSERT INTO SPRZEDAŻ(ID_REKLAMACJI, ID_OCENY, ID_PRODUKTU, ID_PRACOWNIKA, ID_ODDZIAŁU, LICZBA_PRODUKTÓW, CZAS, ZYSK, NUMER_TRANSAKCJI) VALUES(2, 3, 5, 7, 9, 4, TO_DATE('2002-12-18 03:26', 'YYYY-MM-DD HH24:MI'), 280, 14);
INSERT INTO SPRZEDAŻ(ID_REKLAMACJI, ID_OCENY, ID_PRODUKTU, ID_PRACOWNIKA, ID_ODDZIAŁU, LICZBA_PRODUKTÓW, CZAS, ZYSK, NUMER_TRANSAKCJI) VALUES(3, 3, 26, 14, 4, 7, TO_DATE('2002-11-07 16:29', 'YYYY-MM-DD HH24:MI'), 347, 15);
INSERT INTO SPRZEDAŻ(ID_REKLAMACJI, ID_OCENY, ID_PRODUKTU, ID_PRACOWNIKA, ID_ODDZIAŁU, LICZBA_PRODUKTÓW, CZAS, ZYSK, NUMER_TRANSAKCJI) VALUES(3, 3, 14, 14, 3, 1, TO_DATE('2002-09-17 08:44', 'YYYY-MM-DD HH24:MI'), 45, 16);
INSERT INTO SPRZEDAŻ(ID_REKLAMACJI, ID_OCENY, ID_PRODUKTU, ID_PRACOWNIKA, ID_ODDZIAŁU, LICZBA_PRODUKTÓW, CZAS, ZYSK, NUMER_TRANSAKCJI) VALUES(1, 3, 18, 16, 1, 3, TO_DATE('2003-02-01 23:57', 'YYYY-MM-DD HH24:MI'), 552, 17);
INSERT INTO SPRZEDAŻ(ID_REKLAMACJI, ID_OCENY, ID_PRODUKTU, ID_PRACOWNIKA, ID_ODDZIAŁU, LICZBA_PRODUKTÓW, CZAS, ZYSK, NUMER_TRANSAKCJI) VALUES(3, 2, 3, 8, 2, 9, TO_DATE('2003-01-23 14:40', 'YYYY-MM-DD HH24:MI'), 437, 18);
INSERT INTO SPRZEDAŻ(ID_REKLAMACJI, ID_OCENY, ID_PRODUKTU, ID_PRACOWNIKA, ID_ODDZIAŁU, LICZBA_PRODUKTÓW, CZAS, ZYSK, NUMER_TRANSAKCJI) VALUES(3, 1, 15, 1, 8, 3, TO_DATE('2003-09-23 02:07', 'YYYY-MM-DD HH24:MI'), 462, 19);
INSERT INTO SPRZEDAŻ(ID_REKLAMACJI, ID_OCENY, ID_PRODUKTU, ID_PRACOWNIKA, ID_ODDZIAŁU, LICZBA_PRODUKTÓW, CZAS, ZYSK, NUMER_TRANSAKCJI) VALUES(1, 3, 23, 14, 8, 8, TO_DATE('2003-06-06 23:06', 'YYYY-MM-DD HH24:MI'), 304, 20);
INSERT INTO SPRZEDAŻ(ID_REKLAMACJI, ID_OCENY, ID_PRODUKTU, ID_PRACOWNIKA, ID_ODDZIAŁU, LICZBA_PRODUKTÓW, CZAS, ZYSK, NUMER_TRANSAKCJI) VALUES(3, 2, 21, 10, 3, 8, TO_DATE('2002-07-18 01:16', 'YYYY-MM-DD HH24:MI'), 318, 21);
INSERT INTO SPRZEDAŻ(ID_REKLAMACJI, ID_OCENY, ID_PRODUKTU, ID_PRACOWNIKA, ID_ODDZIAŁU, LICZBA_PRODUKTÓW, CZAS, ZYSK, NUMER_TRANSAKCJI) VALUES(2, 2, 8, 10, 9, 1, TO_DATE('2003-02-11 23:08', 'YYYY-MM-DD HH24:MI'), 533, 22);
INSERT INTO SPRZEDAŻ(ID_REKLAMACJI, ID_OCENY, ID_PRODUKTU, ID_PRACOWNIKA, ID_ODDZIAŁU, LICZBA_PRODUKTÓW, CZAS, ZYSK, NUMER_TRANSAKCJI) VALUES(2, 3, 16, 13, 8, 7, TO_DATE('2002-01-15 10:39', 'YYYY-MM-DD HH24:MI'), 192, 23);
INSERT INTO SPRZEDAŻ(ID_REKLAMACJI, ID_OCENY, ID_PRODUKTU, ID_PRACOWNIKA, ID_ODDZIAŁU, LICZBA_PRODUKTÓW, CZAS, ZYSK, NUMER_TRANSAKCJI) VALUES(2, 3, 19, 12, 4, 5, TO_DATE('2002-12-10 21:50', 'YYYY-MM-DD HH24:MI'), 487, 24);
INSERT INTO SPRZEDAŻ(ID_REKLAMACJI, ID_OCENY, ID_PRODUKTU, ID_PRACOWNIKA, ID_ODDZIAŁU, LICZBA_PRODUKTÓW, CZAS, ZYSK, NUMER_TRANSAKCJI) VALUES(1, 1, 8, 15, 5, 4, TO_DATE('2003-09-29 23:30', 'YYYY-MM-DD HH24:MI'), 419, 25);
INSERT INTO SPRZEDAŻ(ID_REKLAMACJI, ID_OCENY, ID_PRODUKTU, ID_PRACOWNIKA, ID_ODDZIAŁU, LICZBA_PRODUKTÓW, CZAS, ZYSK, NUMER_TRANSAKCJI) VALUES(2, 1, 25, 12, 4, 9, TO_DATE('2003-03-02 19:46', 'YYYY-MM-DD HH24:MI'), 257, 26);
INSERT INTO SPRZEDAŻ(ID_REKLAMACJI, ID_OCENY, ID_PRODUKTU, ID_PRACOWNIKA, ID_ODDZIAŁU, LICZBA_PRODUKTÓW, CZAS, ZYSK, NUMER_TRANSAKCJI) VALUES(3, 3, 2, 5, 8, 2, TO_DATE('2002-04-06 22:48', 'YYYY-MM-DD HH24:MI'), 455, 27);
INSERT INTO SPRZEDAŻ(ID_REKLAMACJI, ID_OCENY, ID_PRODUKTU, ID_PRACOWNIKA, ID_ODDZIAŁU, LICZBA_PRODUKTÓW, CZAS, ZYSK, NUMER_TRANSAKCJI) VALUES(3, 3, 9, 11, 3, 8, TO_DATE('2002-07-29 09:05', 'YYYY-MM-DD HH24:MI'), 171, 28);
INSERT INTO SPRZEDAŻ(ID_REKLAMACJI, ID_OCENY, ID_PRODUKTU, ID_PRACOWNIKA, ID_ODDZIAŁU, LICZBA_PRODUKTÓW, CZAS, ZYSK, NUMER_TRANSAKCJI) VALUES(1, 3, 1, 18, 2, 8, TO_DATE('2002-03-10 08:34', 'YYYY-MM-DD HH24:MI'), 502, 29);
INSERT INTO SPRZEDAŻ(ID_REKLAMACJI, ID_OCENY, ID_PRODUKTU, ID_PRACOWNIKA, ID_ODDZIAŁU, LICZBA_PRODUKTÓW, CZAS, ZYSK, NUMER_TRANSAKCJI) VALUES(1, 3, 9, 16, 1, 2, TO_DATE('2003-09-24 00:29', 'YYYY-MM-DD HH24:MI'), 571, 30);
INSERT INTO SPRZEDAŻ(ID_REKLAMACJI, ID_OCENY, ID_PRODUKTU, ID_PRACOWNIKA, ID_ODDZIAŁU, LICZBA_PRODUKTÓW, CZAS, ZYSK, NUMER_TRANSAKCJI) VALUES(2, 1, 16, 15, 7, 5, TO_DATE('2003-03-09 00:46', 'YYYY-MM-DD HH24:MI'), 476, 31);
INSERT INTO SPRZEDAŻ(ID_REKLAMACJI, ID_OCENY, ID_PRODUKTU, ID_PRACOWNIKA, ID_ODDZIAŁU, LICZBA_PRODUKTÓW, CZAS, ZYSK, NUMER_TRANSAKCJI) VALUES(3, 3, 19, 17, 1, 3, TO_DATE('2003-12-03 02:07', 'YYYY-MM-DD HH24:MI'), 53, 32);
INSERT INTO SPRZEDAŻ(ID_REKLAMACJI, ID_OCENY, ID_PRODUKTU, ID_PRACOWNIKA, ID_ODDZIAŁU, LICZBA_PRODUKTÓW, CZAS, ZYSK, NUMER_TRANSAKCJI) VALUES(3, 2, 7, 1, 4, 4, TO_DATE('2003-08-26 20:07', 'YYYY-MM-DD HH24:MI'), 202, 33);
INSERT INTO SPRZEDAŻ(ID_REKLAMACJI, ID_OCENY, ID_PRODUKTU, ID_PRACOWNIKA, ID_ODDZIAŁU, LICZBA_PRODUKTÓW, CZAS, ZYSK, NUMER_TRANSAKCJI) VALUES(1, 3, 16, 17, 1, 7, TO_DATE('2002-06-14 09:54', 'YYYY-MM-DD HH24:MI'), 62, 34);
INSERT INTO SPRZEDAŻ(ID_REKLAMACJI, ID_OCENY, ID_PRODUKTU, ID_PRACOWNIKA, ID_ODDZIAŁU, LICZBA_PRODUKTÓW, CZAS, ZYSK, NUMER_TRANSAKCJI) VALUES(2, 1, 30, 16, 2, 5, TO_DATE('2002-02-04 09:21', 'YYYY-MM-DD HH24:MI'), 90, 35);
INSERT INTO SPRZEDAŻ(ID_REKLAMACJI, ID_OCENY, ID_PRODUKTU, ID_PRACOWNIKA, ID_ODDZIAŁU, LICZBA_PRODUKTÓW, CZAS, ZYSK, NUMER_TRANSAKCJI) VALUES(3, 1, 20, 19, 3, 8, TO_DATE('2002-01-16 08:40', 'YYYY-MM-DD HH24:MI'), 523, 36);
INSERT INTO SPRZEDAŻ(ID_REKLAMACJI, ID_OCENY, ID_PRODUKTU, ID_PRACOWNIKA, ID_ODDZIAŁU, LICZBA_PRODUKTÓW, CZAS, ZYSK, NUMER_TRANSAKCJI) VALUES(3, 1, 28, 9, 5, 3, TO_DATE('2003-05-15 20:56', 'YYYY-MM-DD HH24:MI'), 236, 37);
INSERT INTO SPRZEDAŻ(ID_REKLAMACJI, ID_OCENY, ID_PRODUKTU, ID_PRACOWNIKA, ID_ODDZIAŁU, LICZBA_PRODUKTÓW, CZAS, ZYSK, NUMER_TRANSAKCJI) VALUES(2, 1, 21, 13, 3, 2, TO_DATE('2003-11-19 12:42', 'YYYY-MM-DD HH24:MI'), 310, 38);
INSERT INTO SPRZEDAŻ(ID_REKLAMACJI, ID_OCENY, ID_PRODUKTU, ID_PRACOWNIKA, ID_ODDZIAŁU, LICZBA_PRODUKTÓW, CZAS, ZYSK, NUMER_TRANSAKCJI) VALUES(2, 2, 2, 10, 7, 1, TO_DATE('2002-07-05 16:55', 'YYYY-MM-DD HH24:MI'), 347, 39);
INSERT INTO SPRZEDAŻ(ID_REKLAMACJI, ID_OCENY, ID_PRODUKTU, ID_PRACOWNIKA, ID_ODDZIAŁU, LICZBA_PRODUKTÓW, CZAS, ZYSK, NUMER_TRANSAKCJI) VALUES(1, 1, 16, 16, 7, 2, TO_DATE('2003-04-11 00:11', 'YYYY-MM-DD HH24:MI'), 347, 40);
INSERT INTO SPRZEDAŻ(ID_REKLAMACJI, ID_OCENY, ID_PRODUKTU, ID_PRACOWNIKA, ID_ODDZIAŁU, LICZBA_PRODUKTÓW, CZAS, ZYSK, NUMER_TRANSAKCJI) VALUES(3, 3, 30, 5, 8, 4, TO_DATE('2002-02-06 02:15', 'YYYY-MM-DD HH24:MI'), 552, 41);
INSERT INTO SPRZEDAŻ(ID_REKLAMACJI, ID_OCENY, ID_PRODUKTU, ID_PRACOWNIKA, ID_ODDZIAŁU, LICZBA_PRODUKTÓW, CZAS, ZYSK, NUMER_TRANSAKCJI) VALUES(2, 2, 5, 3, 8, 3, TO_DATE('2003-10-28 11:40', 'YYYY-MM-DD HH24:MI'), 286, 42);
INSERT INTO SPRZEDAŻ(ID_REKLAMACJI, ID_OCENY, ID_PRODUKTU, ID_PRACOWNIKA, ID_ODDZIAŁU, LICZBA_PRODUKTÓW, CZAS, ZYSK, NUMER_TRANSAKCJI) VALUES(1, 2, 10, 3, 8, 6, TO_DATE('2001-12-22 23:35', 'YYYY-MM-DD HH24:MI'), 189, 43);
INSERT INTO SPRZEDAŻ(ID_REKLAMACJI, ID_OCENY, ID_PRODUKTU, ID_PRACOWNIKA, ID_ODDZIAŁU, LICZBA_PRODUKTÓW, CZAS, ZYSK, NUMER_TRANSAKCJI) VALUES(1, 3, 25, 3, 5, 9, TO_DATE('2003-05-06 23:46', 'YYYY-MM-DD HH24:MI'), 41, 44);
INSERT INTO SPRZEDAŻ(ID_REKLAMACJI, ID_OCENY, ID_PRODUKTU, ID_PRACOWNIKA, ID_ODDZIAŁU, LICZBA_PRODUKTÓW, CZAS, ZYSK, NUMER_TRANSAKCJI) VALUES(2, 2, 30, 2, 4, 10, TO_DATE('2002-01-21 22:06', 'YYYY-MM-DD HH24:MI'), 54, 45);
INSERT INTO SPRZEDAŻ(ID_REKLAMACJI, ID_OCENY, ID_PRODUKTU, ID_PRACOWNIKA, ID_ODDZIAŁU, LICZBA_PRODUKTÓW, CZAS, ZYSK, NUMER_TRANSAKCJI) VALUES(2, 1, 4, 15, 3, 3, TO_DATE('2003-03-20 15:57', 'YYYY-MM-DD HH24:MI'), 560, 46);
INSERT INTO SPRZEDAŻ(ID_REKLAMACJI, ID_OCENY, ID_PRODUKTU, ID_PRACOWNIKA, ID_ODDZIAŁU, LICZBA_PRODUKTÓW, CZAS, ZYSK, NUMER_TRANSAKCJI) VALUES(1, 3, 2, 13, 2, 4, TO_DATE('2003-02-15 02:55', 'YYYY-MM-DD HH24:MI'), 67, 47);
INSERT INTO SPRZEDAŻ(ID_REKLAMACJI, ID_OCENY, ID_PRODUKTU, ID_PRACOWNIKA, ID_ODDZIAŁU, LICZBA_PRODUKTÓW, CZAS, ZYSK, NUMER_TRANSAKCJI) VALUES(3, 3, 12, 4, 3, 9, TO_DATE('2002-11-11 15:02', 'YYYY-MM-DD HH24:MI'), 173, 48);
INSERT INTO SPRZEDAŻ(ID_REKLAMACJI, ID_OCENY, ID_PRODUKTU, ID_PRACOWNIKA, ID_ODDZIAŁU, LICZBA_PRODUKTÓW, CZAS, ZYSK, NUMER_TRANSAKCJI) VALUES(3, 1, 1, 18, 10, 2, TO_DATE('2003-06-24 11:31', 'YYYY-MM-DD HH24:MI'), 62, 49);
INSERT INTO SPRZEDAŻ(ID_REKLAMACJI, ID_OCENY, ID_PRODUKTU, ID_PRACOWNIKA, ID_ODDZIAŁU, LICZBA_PRODUKTÓW, CZAS, ZYSK, NUMER_TRANSAKCJI) VALUES(1, 2, 23, 7, 7, 2, TO_DATE('2001-12-25 22:44', 'YYYY-MM-DD HH24:MI'), 262, 50);
INSERT INTO SPRZEDAŻ(ID_REKLAMACJI, ID_OCENY, ID_PRODUKTU, ID_PRACOWNIKA, ID_ODDZIAŁU, LICZBA_PRODUKTÓW, CZAS, ZYSK, NUMER_TRANSAKCJI) VALUES(2, 1, 8, 4, 4, 8, TO_DATE('2003-03-20 20:20', 'YYYY-MM-DD HH24:MI'), 195, 51);
INSERT INTO SPRZEDAŻ(ID_REKLAMACJI, ID_OCENY, ID_PRODUKTU, ID_PRACOWNIKA, ID_ODDZIAŁU, LICZBA_PRODUKTÓW, CZAS, ZYSK, NUMER_TRANSAKCJI) VALUES(3, 1, 4, 10, 4, 1, TO_DATE('2003-02-04 12:32', 'YYYY-MM-DD HH24:MI'), 276, 52);
INSERT INTO SPRZEDAŻ(ID_REKLAMACJI, ID_OCENY, ID_PRODUKTU, ID_PRACOWNIKA, ID_ODDZIAŁU, LICZBA_PRODUKTÓW, CZAS, ZYSK, NUMER_TRANSAKCJI) VALUES(1, 2, 13, 1, 7, 9, TO_DATE('2001-12-19 03:53', 'YYYY-MM-DD HH24:MI'), 495, 53);
INSERT INTO SPRZEDAŻ(ID_REKLAMACJI, ID_OCENY, ID_PRODUKTU, ID_PRACOWNIKA, ID_ODDZIAŁU, LICZBA_PRODUKTÓW, CZAS, ZYSK, NUMER_TRANSAKCJI) VALUES(3, 2, 2, 18, 3, 5, TO_DATE('2002-09-21 11:41', 'YYYY-MM-DD HH24:MI'), 285, 54);
INSERT INTO SPRZEDAŻ(ID_REKLAMACJI, ID_OCENY, ID_PRODUKTU, ID_PRACOWNIKA, ID_ODDZIAŁU, LICZBA_PRODUKTÓW, CZAS, ZYSK, NUMER_TRANSAKCJI) VALUES(1, 2, 1, 19, 3, 2, TO_DATE('2002-01-27 12:28', 'YYYY-MM-DD HH24:MI'), 40, 55);
INSERT INTO SPRZEDAŻ(ID_REKLAMACJI, ID_OCENY, ID_PRODUKTU, ID_PRACOWNIKA, ID_ODDZIAŁU, LICZBA_PRODUKTÓW, CZAS, ZYSK, NUMER_TRANSAKCJI) VALUES(2, 1, 8, 11, 6, 8, TO_DATE('2002-01-08 22:33', 'YYYY-MM-DD HH24:MI'), 314, 56);
INSERT INTO SPRZEDAŻ(ID_REKLAMACJI, ID_OCENY, ID_PRODUKTU, ID_PRACOWNIKA, ID_ODDZIAŁU, LICZBA_PRODUKTÓW, CZAS, ZYSK, NUMER_TRANSAKCJI) VALUES(2, 2, 18, 12, 7, 2, TO_DATE('2003-09-19 19:51', 'YYYY-MM-DD HH24:MI'), 34, 57);
INSERT INTO SPRZEDAŻ(ID_REKLAMACJI, ID_OCENY, ID_PRODUKTU, ID_PRACOWNIKA, ID_ODDZIAŁU, LICZBA_PRODUKTÓW, CZAS, ZYSK, NUMER_TRANSAKCJI) VALUES(3, 1, 13, 19, 1, 5, TO_DATE('2003-02-10 00:17', 'YYYY-MM-DD HH24:MI'), 497, 58);
INSERT INTO SPRZEDAŻ(ID_REKLAMACJI, ID_OCENY, ID_PRODUKTU, ID_PRACOWNIKA, ID_ODDZIAŁU, LICZBA_PRODUKTÓW, CZAS, ZYSK, NUMER_TRANSAKCJI) VALUES(3, 3, 12, 7, 7, 2, TO_DATE('2002-01-15 07:39', 'YYYY-MM-DD HH24:MI'), 499, 59);
INSERT INTO SPRZEDAŻ(ID_REKLAMACJI, ID_OCENY, ID_PRODUKTU, ID_PRACOWNIKA, ID_ODDZIAŁU, LICZBA_PRODUKTÓW, CZAS, ZYSK, NUMER_TRANSAKCJI) VALUES(1, 2, 24, 5, 3, 1, TO_DATE('2002-09-08 13:38', 'YYYY-MM-DD HH24:MI'), 228, 60);
INSERT INTO SPRZEDAŻ(ID_REKLAMACJI, ID_OCENY, ID_PRODUKTU, ID_PRACOWNIKA, ID_ODDZIAŁU, LICZBA_PRODUKTÓW, CZAS, ZYSK, NUMER_TRANSAKCJI) VALUES(3, 2, 15, 3, 3, 8, TO_DATE('2003-06-05 05:59', 'YYYY-MM-DD HH24:MI'), 33, 61);
INSERT INTO SPRZEDAŻ(ID_REKLAMACJI, ID_OCENY, ID_PRODUKTU, ID_PRACOWNIKA, ID_ODDZIAŁU, LICZBA_PRODUKTÓW, CZAS, ZYSK, NUMER_TRANSAKCJI) VALUES(1, 1, 7, 16, 6, 10, TO_DATE('2002-01-11 17:43', 'YYYY-MM-DD HH24:MI'), 157, 62);
INSERT INTO SPRZEDAŻ(ID_REKLAMACJI, ID_OCENY, ID_PRODUKTU, ID_PRACOWNIKA, ID_ODDZIAŁU, LICZBA_PRODUKTÓW, CZAS, ZYSK, NUMER_TRANSAKCJI) VALUES(1, 1, 15, 9, 6, 2, TO_DATE('2003-09-14 04:02', 'YYYY-MM-DD HH24:MI'), 598, 63);
INSERT INTO SPRZEDAŻ(ID_REKLAMACJI, ID_OCENY, ID_PRODUKTU, ID_PRACOWNIKA, ID_ODDZIAŁU, LICZBA_PRODUKTÓW, CZAS, ZYSK, NUMER_TRANSAKCJI) VALUES(1, 2, 26, 8, 7, 6, TO_DATE('2003-01-03 14:49', 'YYYY-MM-DD HH24:MI'), 47, 64);
INSERT INTO SPRZEDAŻ(ID_REKLAMACJI, ID_OCENY, ID_PRODUKTU, ID_PRACOWNIKA, ID_ODDZIAŁU, LICZBA_PRODUKTÓW, CZAS, ZYSK, NUMER_TRANSAKCJI) VALUES(3, 2, 14, 19, 10, 5, TO_DATE('2003-06-21 21:45', 'YYYY-MM-DD HH24:MI'), 356, 65);
INSERT INTO SPRZEDAŻ(ID_REKLAMACJI, ID_OCENY, ID_PRODUKTU, ID_PRACOWNIKA, ID_ODDZIAŁU, LICZBA_PRODUKTÓW, CZAS, ZYSK, NUMER_TRANSAKCJI) VALUES(1, 3, 17, 8, 3, 6, TO_DATE('2003-10-24 14:18', 'YYYY-MM-DD HH24:MI'), 302, 66);
INSERT INTO SPRZEDAŻ(ID_REKLAMACJI, ID_OCENY, ID_PRODUKTU, ID_PRACOWNIKA, ID_ODDZIAŁU, LICZBA_PRODUKTÓW, CZAS, ZYSK, NUMER_TRANSAKCJI) VALUES(1, 1, 10, 17, 8, 9, TO_DATE('2003-10-10 13:04', 'YYYY-MM-DD HH24:MI'), 518, 67);
INSERT INTO SPRZEDAŻ(ID_REKLAMACJI, ID_OCENY, ID_PRODUKTU, ID_PRACOWNIKA, ID_ODDZIAŁU, LICZBA_PRODUKTÓW, CZAS, ZYSK, NUMER_TRANSAKCJI) VALUES(2, 3, 3, 10, 1, 4, TO_DATE('2002-12-14 18:05', 'YYYY-MM-DD HH24:MI'), 348, 68);
INSERT INTO SPRZEDAŻ(ID_REKLAMACJI, ID_OCENY, ID_PRODUKTU, ID_PRACOWNIKA, ID_ODDZIAŁU, LICZBA_PRODUKTÓW, CZAS, ZYSK, NUMER_TRANSAKCJI) VALUES(2, 3, 29, 11, 3, 10, TO_DATE('2003-08-29 04:59', 'YYYY-MM-DD HH24:MI'), 437, 69);
INSERT INTO SPRZEDAŻ(ID_REKLAMACJI, ID_OCENY, ID_PRODUKTU, ID_PRACOWNIKA, ID_ODDZIAŁU, LICZBA_PRODUKTÓW, CZAS, ZYSK, NUMER_TRANSAKCJI) VALUES(3, 3, 17, 9, 7, 1, TO_DATE('2003-03-08 05:31', 'YYYY-MM-DD HH24:MI'), 90, 70);
INSERT INTO SPRZEDAŻ(ID_REKLAMACJI, ID_OCENY, ID_PRODUKTU, ID_PRACOWNIKA, ID_ODDZIAŁU, LICZBA_PRODUKTÓW, CZAS, ZYSK, NUMER_TRANSAKCJI) VALUES(1, 3, 25, 12, 3, 9, TO_DATE('2002-04-18 22:11', 'YYYY-MM-DD HH24:MI'), 393, 71);
INSERT INTO SPRZEDAŻ(ID_REKLAMACJI, ID_OCENY, ID_PRODUKTU, ID_PRACOWNIKA, ID_ODDZIAŁU, LICZBA_PRODUKTÓW, CZAS, ZYSK, NUMER_TRANSAKCJI) VALUES(3, 2, 1, 14, 3, 9, TO_DATE('2003-10-07 13:15', 'YYYY-MM-DD HH24:MI'), 98, 72);
INSERT INTO SPRZEDAŻ(ID_REKLAMACJI, ID_OCENY, ID_PRODUKTU, ID_PRACOWNIKA, ID_ODDZIAŁU, LICZBA_PRODUKTÓW, CZAS, ZYSK, NUMER_TRANSAKCJI) VALUES(1, 2, 13, 16, 7, 6, TO_DATE('2003-11-21 20:51', 'YYYY-MM-DD HH24:MI'), 336, 73);
INSERT INTO SPRZEDAŻ(ID_REKLAMACJI, ID_OCENY, ID_PRODUKTU, ID_PRACOWNIKA, ID_ODDZIAŁU, LICZBA_PRODUKTÓW, CZAS, ZYSK, NUMER_TRANSAKCJI) VALUES(2, 3, 30, 18, 10, 3, TO_DATE('2003-01-25 08:55', 'YYYY-MM-DD HH24:MI'), 568, 74);
INSERT INTO SPRZEDAŻ(ID_REKLAMACJI, ID_OCENY, ID_PRODUKTU, ID_PRACOWNIKA, ID_ODDZIAŁU, LICZBA_PRODUKTÓW, CZAS, ZYSK, NUMER_TRANSAKCJI) VALUES(1, 3, 13, 20, 3, 8, TO_DATE('2003-10-10 10:43', 'YYYY-MM-DD HH24:MI'), 35, 75);
INSERT INTO SPRZEDAŻ(ID_REKLAMACJI, ID_OCENY, ID_PRODUKTU, ID_PRACOWNIKA, ID_ODDZIAŁU, LICZBA_PRODUKTÓW, CZAS, ZYSK, NUMER_TRANSAKCJI) VALUES(2, 2, 22, 12, 6, 8, TO_DATE('2003-02-19 03:14', 'YYYY-MM-DD HH24:MI'), 502, 76);
INSERT INTO SPRZEDAŻ(ID_REKLAMACJI, ID_OCENY, ID_PRODUKTU, ID_PRACOWNIKA, ID_ODDZIAŁU, LICZBA_PRODUKTÓW, CZAS, ZYSK, NUMER_TRANSAKCJI) VALUES(1, 2, 8, 20, 4, 8, TO_DATE('2002-08-16 19:07', 'YYYY-MM-DD HH24:MI'), 17, 77);
INSERT INTO SPRZEDAŻ(ID_REKLAMACJI, ID_OCENY, ID_PRODUKTU, ID_PRACOWNIKA, ID_ODDZIAŁU, LICZBA_PRODUKTÓW, CZAS, ZYSK, NUMER_TRANSAKCJI) VALUES(3, 1, 1, 10, 10, 3, TO_DATE('2002-04-08 01:32', 'YYYY-MM-DD HH24:MI'), 320, 78);
INSERT INTO SPRZEDAŻ(ID_REKLAMACJI, ID_OCENY, ID_PRODUKTU, ID_PRACOWNIKA, ID_ODDZIAŁU, LICZBA_PRODUKTÓW, CZAS, ZYSK, NUMER_TRANSAKCJI) VALUES(1, 3, 26, 19, 8, 7, TO_DATE('2002-08-06 02:43', 'YYYY-MM-DD HH24:MI'), 171, 79);
INSERT INTO SPRZEDAŻ(ID_REKLAMACJI, ID_OCENY, ID_PRODUKTU, ID_PRACOWNIKA, ID_ODDZIAŁU, LICZBA_PRODUKTÓW, CZAS, ZYSK, NUMER_TRANSAKCJI) VALUES(3, 2, 10, 11, 1, 4, TO_DATE('2002-09-10 14:45', 'YYYY-MM-DD HH24:MI'), 128, 80);
INSERT INTO SPRZEDAŻ(ID_REKLAMACJI, ID_OCENY, ID_PRODUKTU, ID_PRACOWNIKA, ID_ODDZIAŁU, LICZBA_PRODUKTÓW, CZAS, ZYSK, NUMER_TRANSAKCJI) VALUES(1, 2, 20, 19, 6, 9, TO_DATE('2003-03-15 05:49', 'YYYY-MM-DD HH24:MI'), 419, 81);
INSERT INTO SPRZEDAŻ(ID_REKLAMACJI, ID_OCENY, ID_PRODUKTU, ID_PRACOWNIKA, ID_ODDZIAŁU, LICZBA_PRODUKTÓW, CZAS, ZYSK, NUMER_TRANSAKCJI) VALUES(1, 2, 21, 13, 8, 3, TO_DATE('2003-10-28 15:40', 'YYYY-MM-DD HH24:MI'), 589, 82);
INSERT INTO SPRZEDAŻ(ID_REKLAMACJI, ID_OCENY, ID_PRODUKTU, ID_PRACOWNIKA, ID_ODDZIAŁU, LICZBA_PRODUKTÓW, CZAS, ZYSK, NUMER_TRANSAKCJI) VALUES(1, 3, 21, 1, 1, 1, TO_DATE('2002-09-06 05:11', 'YYYY-MM-DD HH24:MI'), 43, 83);
INSERT INTO SPRZEDAŻ(ID_REKLAMACJI, ID_OCENY, ID_PRODUKTU, ID_PRACOWNIKA, ID_ODDZIAŁU, LICZBA_PRODUKTÓW, CZAS, ZYSK, NUMER_TRANSAKCJI) VALUES(3, 2, 18, 14, 2, 7, TO_DATE('2002-08-09 07:23', 'YYYY-MM-DD HH24:MI'), 424, 84);
INSERT INTO SPRZEDAŻ(ID_REKLAMACJI, ID_OCENY, ID_PRODUKTU, ID_PRACOWNIKA, ID_ODDZIAŁU, LICZBA_PRODUKTÓW, CZAS, ZYSK, NUMER_TRANSAKCJI) VALUES(3, 1, 19, 2, 6, 4, TO_DATE('2003-09-11 22:03', 'YYYY-MM-DD HH24:MI'), 455, 85);
INSERT INTO SPRZEDAŻ(ID_REKLAMACJI, ID_OCENY, ID_PRODUKTU, ID_PRACOWNIKA, ID_ODDZIAŁU, LICZBA_PRODUKTÓW, CZAS, ZYSK, NUMER_TRANSAKCJI) VALUES(3, 2, 19, 7, 8, 3, TO_DATE('2001-12-30 10:04', 'YYYY-MM-DD HH24:MI'), 215, 86);
INSERT INTO SPRZEDAŻ(ID_REKLAMACJI, ID_OCENY, ID_PRODUKTU, ID_PRACOWNIKA, ID_ODDZIAŁU, LICZBA_PRODUKTÓW, CZAS, ZYSK, NUMER_TRANSAKCJI) VALUES(3, 3, 8, 9, 9, 8, TO_DATE('2003-02-25 08:28', 'YYYY-MM-DD HH24:MI'), 106, 87);
INSERT INTO SPRZEDAŻ(ID_REKLAMACJI, ID_OCENY, ID_PRODUKTU, ID_PRACOWNIKA, ID_ODDZIAŁU, LICZBA_PRODUKTÓW, CZAS, ZYSK, NUMER_TRANSAKCJI) VALUES(1, 3, 28, 3, 3, 8, TO_DATE('2001-12-17 16:15', 'YYYY-MM-DD HH24:MI'), 482, 88);
INSERT INTO SPRZEDAŻ(ID_REKLAMACJI, ID_OCENY, ID_PRODUKTU, ID_PRACOWNIKA, ID_ODDZIAŁU, LICZBA_PRODUKTÓW, CZAS, ZYSK, NUMER_TRANSAKCJI) VALUES(1, 2, 1, 16, 1, 8, TO_DATE('2003-01-31 20:02', 'YYYY-MM-DD HH24:MI'), 228, 89);
INSERT INTO SPRZEDAŻ(ID_REKLAMACJI, ID_OCENY, ID_PRODUKTU, ID_PRACOWNIKA, ID_ODDZIAŁU, LICZBA_PRODUKTÓW, CZAS, ZYSK, NUMER_TRANSAKCJI) VALUES(3, 1, 10, 11, 10, 4, TO_DATE('2003-05-03 21:29', 'YYYY-MM-DD HH24:MI'), 145, 90);
INSERT INTO SPRZEDAŻ(ID_REKLAMACJI, ID_OCENY, ID_PRODUKTU, ID_PRACOWNIKA, ID_ODDZIAŁU, LICZBA_PRODUKTÓW, CZAS, ZYSK, NUMER_TRANSAKCJI) VALUES(3, 3, 8, 9, 4, 8, TO_DATE('2003-03-13 11:49', 'YYYY-MM-DD HH24:MI'), 149, 91);
INSERT INTO SPRZEDAŻ(ID_REKLAMACJI, ID_OCENY, ID_PRODUKTU, ID_PRACOWNIKA, ID_ODDZIAŁU, LICZBA_PRODUKTÓW, CZAS, ZYSK, NUMER_TRANSAKCJI) VALUES(2, 1, 24, 5, 4, 5, TO_DATE('2002-11-06 22:17', 'YYYY-MM-DD HH24:MI'), 391, 92);
INSERT INTO SPRZEDAŻ(ID_REKLAMACJI, ID_OCENY, ID_PRODUKTU, ID_PRACOWNIKA, ID_ODDZIAŁU, LICZBA_PRODUKTÓW, CZAS, ZYSK, NUMER_TRANSAKCJI) VALUES(1, 1, 26, 1, 5, 7, TO_DATE('2002-05-02 17:03', 'YYYY-MM-DD HH24:MI'), 393, 93);
INSERT INTO SPRZEDAŻ(ID_REKLAMACJI, ID_OCENY, ID_PRODUKTU, ID_PRACOWNIKA, ID_ODDZIAŁU, LICZBA_PRODUKTÓW, CZAS, ZYSK, NUMER_TRANSAKCJI) VALUES(2, 3, 11, 5, 8, 7, TO_DATE('2002-05-16 22:16', 'YYYY-MM-DD HH24:MI'), 562, 94);
INSERT INTO SPRZEDAŻ(ID_REKLAMACJI, ID_OCENY, ID_PRODUKTU, ID_PRACOWNIKA, ID_ODDZIAŁU, LICZBA_PRODUKTÓW, CZAS, ZYSK, NUMER_TRANSAKCJI) VALUES(2, 2, 24, 2, 7, 1, TO_DATE('2003-08-05 02:51', 'YYYY-MM-DD HH24:MI'), 418, 95);
INSERT INTO SPRZEDAŻ(ID_REKLAMACJI, ID_OCENY, ID_PRODUKTU, ID_PRACOWNIKA, ID_ODDZIAŁU, LICZBA_PRODUKTÓW, CZAS, ZYSK, NUMER_TRANSAKCJI) VALUES(2, 1, 2, 7, 2, 8, TO_DATE('2002-09-26 08:23', 'YYYY-MM-DD HH24:MI'), 289, 96);
INSERT INTO SPRZEDAŻ(ID_REKLAMACJI, ID_OCENY, ID_PRODUKTU, ID_PRACOWNIKA, ID_ODDZIAŁU, LICZBA_PRODUKTÓW, CZAS, ZYSK, NUMER_TRANSAKCJI) VALUES(3, 2, 14, 17, 9, 8, TO_DATE('2002-06-20 18:12', 'YYYY-MM-DD HH24:MI'), 400, 97);
INSERT INTO SPRZEDAŻ(ID_REKLAMACJI, ID_OCENY, ID_PRODUKTU, ID_PRACOWNIKA, ID_ODDZIAŁU, LICZBA_PRODUKTÓW, CZAS, ZYSK, NUMER_TRANSAKCJI) VALUES(3, 3, 9, 2, 4, 2, TO_DATE('2002-01-25 20:16', 'YYYY-MM-DD HH24:MI'), 267, 98);
INSERT INTO SPRZEDAŻ(ID_REKLAMACJI, ID_OCENY, ID_PRODUKTU, ID_PRACOWNIKA, ID_ODDZIAŁU, LICZBA_PRODUKTÓW, CZAS, ZYSK, NUMER_TRANSAKCJI) VALUES(1, 1, 23, 20, 2, 9, TO_DATE('2003-08-21 04:27', 'YYYY-MM-DD HH24:MI'), 396, 99);
INSERT INTO SPRZEDAŻ(ID_REKLAMACJI, ID_OCENY, ID_PRODUKTU, ID_PRACOWNIKA, ID_ODDZIAŁU, LICZBA_PRODUKTÓW, CZAS, ZYSK, NUMER_TRANSAKCJI) VALUES(1, 3, 17, 18, 5, 7, TO_DATE('2003-11-19 04:18', 'YYYY-MM-DD HH24:MI'), 271, 100);
INSERT INTO SPRZEDAŻ(ID_REKLAMACJI, ID_OCENY, ID_PRODUKTU, ID_PRACOWNIKA, ID_ODDZIAŁU, LICZBA_PRODUKTÓW, CZAS, ZYSK, NUMER_TRANSAKCJI) VALUES(1, 2, 5, 12, 5, 10, TO_DATE('2003-06-20 17:41', 'YYYY-MM-DD HH24:MI'), 371, 101);
INSERT INTO SPRZEDAŻ(ID_REKLAMACJI, ID_OCENY, ID_PRODUKTU, ID_PRACOWNIKA, ID_ODDZIAŁU, LICZBA_PRODUKTÓW, CZAS, ZYSK, NUMER_TRANSAKCJI) VALUES(2, 1, 13, 11, 7, 7, TO_DATE('2003-11-06 06:03', 'YYYY-MM-DD HH24:MI'), 115, 102);
INSERT INTO SPRZEDAŻ(ID_REKLAMACJI, ID_OCENY, ID_PRODUKTU, ID_PRACOWNIKA, ID_ODDZIAŁU, LICZBA_PRODUKTÓW, CZAS, ZYSK, NUMER_TRANSAKCJI) VALUES(1, 3, 3, 12, 8, 4, TO_DATE('2002-06-19 17:38', 'YYYY-MM-DD HH24:MI'), 251, 103);
INSERT INTO SPRZEDAŻ(ID_REKLAMACJI, ID_OCENY, ID_PRODUKTU, ID_PRACOWNIKA, ID_ODDZIAŁU, LICZBA_PRODUKTÓW, CZAS, ZYSK, NUMER_TRANSAKCJI) VALUES(3, 3, 29, 10, 8, 10, TO_DATE('2002-08-06 05:30', 'YYYY-MM-DD HH24:MI'), 500, 104);
INSERT INTO SPRZEDAŻ(ID_REKLAMACJI, ID_OCENY, ID_PRODUKTU, ID_PRACOWNIKA, ID_ODDZIAŁU, LICZBA_PRODUKTÓW, CZAS, ZYSK, NUMER_TRANSAKCJI) VALUES(2, 1, 7, 9, 1, 10, TO_DATE('2003-05-04 07:09', 'YYYY-MM-DD HH24:MI'), 188, 105);
INSERT INTO SPRZEDAŻ(ID_REKLAMACJI, ID_OCENY, ID_PRODUKTU, ID_PRACOWNIKA, ID_ODDZIAŁU, LICZBA_PRODUKTÓW, CZAS, ZYSK, NUMER_TRANSAKCJI) VALUES(2, 3, 27, 9, 5, 6, TO_DATE('2003-05-10 06:22', 'YYYY-MM-DD HH24:MI'), 184, 106);
INSERT INTO SPRZEDAŻ(ID_REKLAMACJI, ID_OCENY, ID_PRODUKTU, ID_PRACOWNIKA, ID_ODDZIAŁU, LICZBA_PRODUKTÓW, CZAS, ZYSK, NUMER_TRANSAKCJI) VALUES(1, 3, 24, 17, 3, 4, TO_DATE('2003-07-22 00:27', 'YYYY-MM-DD HH24:MI'), 389, 107);
INSERT INTO SPRZEDAŻ(ID_REKLAMACJI, ID_OCENY, ID_PRODUKTU, ID_PRACOWNIKA, ID_ODDZIAŁU, LICZBA_PRODUKTÓW, CZAS, ZYSK, NUMER_TRANSAKCJI) VALUES(2, 1, 25, 4, 9, 9, TO_DATE('2003-04-07 22:28', 'YYYY-MM-DD HH24:MI'), 41, 108);
INSERT INTO SPRZEDAŻ(ID_REKLAMACJI, ID_OCENY, ID_PRODUKTU, ID_PRACOWNIKA, ID_ODDZIAŁU, LICZBA_PRODUKTÓW, CZAS, ZYSK, NUMER_TRANSAKCJI) VALUES(1, 2, 9, 20, 3, 2, TO_DATE('2002-04-25 21:51', 'YYYY-MM-DD HH24:MI'), 442, 109);
INSERT INTO SPRZEDAŻ(ID_REKLAMACJI, ID_OCENY, ID_PRODUKTU, ID_PRACOWNIKA, ID_ODDZIAŁU, LICZBA_PRODUKTÓW, CZAS, ZYSK, NUMER_TRANSAKCJI) VALUES(2, 1, 7, 6, 8, 9, TO_DATE('2002-06-16 14:23', 'YYYY-MM-DD HH24:MI'), 328, 110);
INSERT INTO SPRZEDAŻ(ID_REKLAMACJI, ID_OCENY, ID_PRODUKTU, ID_PRACOWNIKA, ID_ODDZIAŁU, LICZBA_PRODUKTÓW, CZAS, ZYSK, NUMER_TRANSAKCJI) VALUES(2, 2, 7, 9, 4, 5, TO_DATE('2001-12-30 15:45', 'YYYY-MM-DD HH24:MI'), 54, 111);
INSERT INTO SPRZEDAŻ(ID_REKLAMACJI, ID_OCENY, ID_PRODUKTU, ID_PRACOWNIKA, ID_ODDZIAŁU, LICZBA_PRODUKTÓW, CZAS, ZYSK, NUMER_TRANSAKCJI) VALUES(2, 2, 13, 17, 10, 4, TO_DATE('2002-10-08 07:27', 'YYYY-MM-DD HH24:MI'), 290, 112);
INSERT INTO SPRZEDAŻ(ID_REKLAMACJI, ID_OCENY, ID_PRODUKTU, ID_PRACOWNIKA, ID_ODDZIAŁU, LICZBA_PRODUKTÓW, CZAS, ZYSK, NUMER_TRANSAKCJI) VALUES(3, 1, 18, 11, 7, 5, TO_DATE('2002-04-01 17:09', 'YYYY-MM-DD HH24:MI'), 17, 113);
INSERT INTO SPRZEDAŻ(ID_REKLAMACJI, ID_OCENY, ID_PRODUKTU, ID_PRACOWNIKA, ID_ODDZIAŁU, LICZBA_PRODUKTÓW, CZAS, ZYSK, NUMER_TRANSAKCJI) VALUES(1, 1, 21, 6, 8, 10, TO_DATE('2003-10-23 04:38', 'YYYY-MM-DD HH24:MI'), 361, 114);
INSERT INTO SPRZEDAŻ(ID_REKLAMACJI, ID_OCENY, ID_PRODUKTU, ID_PRACOWNIKA, ID_ODDZIAŁU, LICZBA_PRODUKTÓW, CZAS, ZYSK, NUMER_TRANSAKCJI) VALUES(3, 1, 27, 7, 7, 3, TO_DATE('2002-10-24 15:45', 'YYYY-MM-DD HH24:MI'), 388, 115);
INSERT INTO SPRZEDAŻ(ID_REKLAMACJI, ID_OCENY, ID_PRODUKTU, ID_PRACOWNIKA, ID_ODDZIAŁU, LICZBA_PRODUKTÓW, CZAS, ZYSK, NUMER_TRANSAKCJI) VALUES(2, 1, 24, 17, 1, 3, TO_DATE('2002-01-15 21:31', 'YYYY-MM-DD HH24:MI'), 104, 116);
INSERT INTO SPRZEDAŻ(ID_REKLAMACJI, ID_OCENY, ID_PRODUKTU, ID_PRACOWNIKA, ID_ODDZIAŁU, LICZBA_PRODUKTÓW, CZAS, ZYSK, NUMER_TRANSAKCJI) VALUES(2, 3, 7, 11, 5, 2, TO_DATE('2002-02-06 21:19', 'YYYY-MM-DD HH24:MI'), 466, 117);
INSERT INTO SPRZEDAŻ(ID_REKLAMACJI, ID_OCENY, ID_PRODUKTU, ID_PRACOWNIKA, ID_ODDZIAŁU, LICZBA_PRODUKTÓW, CZAS, ZYSK, NUMER_TRANSAKCJI) VALUES(2, 2, 15, 8, 7, 1, TO_DATE('2002-11-27 08:49', 'YYYY-MM-DD HH24:MI'), 585, 118);
INSERT INTO SPRZEDAŻ(ID_REKLAMACJI, ID_OCENY, ID_PRODUKTU, ID_PRACOWNIKA, ID_ODDZIAŁU, LICZBA_PRODUKTÓW, CZAS, ZYSK, NUMER_TRANSAKCJI) VALUES(3, 3, 24, 2, 3, 5, TO_DATE('2003-04-17 18:26', 'YYYY-MM-DD HH24:MI'), 553, 119);
INSERT INTO SPRZEDAŻ(ID_REKLAMACJI, ID_OCENY, ID_PRODUKTU, ID_PRACOWNIKA, ID_ODDZIAŁU, LICZBA_PRODUKTÓW, CZAS, ZYSK, NUMER_TRANSAKCJI) VALUES(1, 1, 5, 18, 2, 8, TO_DATE('2002-06-24 08:18', 'YYYY-MM-DD HH24:MI'), 582, 120);
INSERT INTO SPRZEDAŻ(ID_REKLAMACJI, ID_OCENY, ID_PRODUKTU, ID_PRACOWNIKA, ID_ODDZIAŁU, LICZBA_PRODUKTÓW, CZAS, ZYSK, NUMER_TRANSAKCJI) VALUES(1, 1, 13, 16, 2, 8, TO_DATE('2003-08-29 22:35', 'YYYY-MM-DD HH24:MI'), 43, 121);
INSERT INTO SPRZEDAŻ(ID_REKLAMACJI, ID_OCENY, ID_PRODUKTU, ID_PRACOWNIKA, ID_ODDZIAŁU, LICZBA_PRODUKTÓW, CZAS, ZYSK, NUMER_TRANSAKCJI) VALUES(2, 1, 1, 10, 9, 8, TO_DATE('2003-09-19 21:19', 'YYYY-MM-DD HH24:MI'), 338, 122);
INSERT INTO SPRZEDAŻ(ID_REKLAMACJI, ID_OCENY, ID_PRODUKTU, ID_PRACOWNIKA, ID_ODDZIAŁU, LICZBA_PRODUKTÓW, CZAS, ZYSK, NUMER_TRANSAKCJI) VALUES(2, 3, 12, 16, 4, 2, TO_DATE('2002-12-26 13:29', 'YYYY-MM-DD HH24:MI'), 364, 123);
INSERT INTO SPRZEDAŻ(ID_REKLAMACJI, ID_OCENY, ID_PRODUKTU, ID_PRACOWNIKA, ID_ODDZIAŁU, LICZBA_PRODUKTÓW, CZAS, ZYSK, NUMER_TRANSAKCJI) VALUES(2, 2, 10, 2, 9, 2, TO_DATE('2003-09-26 05:29', 'YYYY-MM-DD HH24:MI'), 20, 124);
INSERT INTO SPRZEDAŻ(ID_REKLAMACJI, ID_OCENY, ID_PRODUKTU, ID_PRACOWNIKA, ID_ODDZIAŁU, LICZBA_PRODUKTÓW, CZAS, ZYSK, NUMER_TRANSAKCJI) VALUES(3, 3, 19, 13, 5, 6, TO_DATE('2003-01-15 01:30', 'YYYY-MM-DD HH24:MI'), 472, 125);
INSERT INTO SPRZEDAŻ(ID_REKLAMACJI, ID_OCENY, ID_PRODUKTU, ID_PRACOWNIKA, ID_ODDZIAŁU, LICZBA_PRODUKTÓW, CZAS, ZYSK, NUMER_TRANSAKCJI) VALUES(3, 1, 21, 18, 4, 6, TO_DATE('2002-07-27 23:50', 'YYYY-MM-DD HH24:MI'), 288, 126);
INSERT INTO SPRZEDAŻ(ID_REKLAMACJI, ID_OCENY, ID_PRODUKTU, ID_PRACOWNIKA, ID_ODDZIAŁU, LICZBA_PRODUKTÓW, CZAS, ZYSK, NUMER_TRANSAKCJI) VALUES(3, 2, 8, 9, 2, 9, TO_DATE('2003-01-10 00:32', 'YYYY-MM-DD HH24:MI'), 246, 127);
INSERT INTO SPRZEDAŻ(ID_REKLAMACJI, ID_OCENY, ID_PRODUKTU, ID_PRACOWNIKA, ID_ODDZIAŁU, LICZBA_PRODUKTÓW, CZAS, ZYSK, NUMER_TRANSAKCJI) VALUES(1, 3, 7, 1, 3, 3, TO_DATE('2003-08-07 17:55', 'YYYY-MM-DD HH24:MI'), 481, 128);
INSERT INTO SPRZEDAŻ(ID_REKLAMACJI, ID_OCENY, ID_PRODUKTU, ID_PRACOWNIKA, ID_ODDZIAŁU, LICZBA_PRODUKTÓW, CZAS, ZYSK, NUMER_TRANSAKCJI) VALUES(2, 3, 25, 19, 6, 9, TO_DATE('2003-05-19 09:58', 'YYYY-MM-DD HH24:MI'), 90, 129);
INSERT INTO SPRZEDAŻ(ID_REKLAMACJI, ID_OCENY, ID_PRODUKTU, ID_PRACOWNIKA, ID_ODDZIAŁU, LICZBA_PRODUKTÓW, CZAS, ZYSK, NUMER_TRANSAKCJI) VALUES(2, 3, 15, 15, 6, 6, TO_DATE('2003-11-16 17:50', 'YYYY-MM-DD HH24:MI'), 151, 130);
INSERT INTO SPRZEDAŻ(ID_REKLAMACJI, ID_OCENY, ID_PRODUKTU, ID_PRACOWNIKA, ID_ODDZIAŁU, LICZBA_PRODUKTÓW, CZAS, ZYSK, NUMER_TRANSAKCJI) VALUES(1, 1, 26, 13, 8, 3, TO_DATE('2003-08-09 17:58', 'YYYY-MM-DD HH24:MI'), 98, 131);
INSERT INTO SPRZEDAŻ(ID_REKLAMACJI, ID_OCENY, ID_PRODUKTU, ID_PRACOWNIKA, ID_ODDZIAŁU, LICZBA_PRODUKTÓW, CZAS, ZYSK, NUMER_TRANSAKCJI) VALUES(2, 1, 11, 19, 8, 8, TO_DATE('2003-04-14 06:46', 'YYYY-MM-DD HH24:MI'), 253, 132);
INSERT INTO SPRZEDAŻ(ID_REKLAMACJI, ID_OCENY, ID_PRODUKTU, ID_PRACOWNIKA, ID_ODDZIAŁU, LICZBA_PRODUKTÓW, CZAS, ZYSK, NUMER_TRANSAKCJI) VALUES(2, 1, 12, 7, 4, 4, TO_DATE('2002-11-10 03:27', 'YYYY-MM-DD HH24:MI'), 591, 133);
INSERT INTO SPRZEDAŻ(ID_REKLAMACJI, ID_OCENY, ID_PRODUKTU, ID_PRACOWNIKA, ID_ODDZIAŁU, LICZBA_PRODUKTÓW, CZAS, ZYSK, NUMER_TRANSAKCJI) VALUES(2, 3, 21, 10, 9, 3, TO_DATE('2002-05-30 20:25', 'YYYY-MM-DD HH24:MI'), 567, 134);
INSERT INTO SPRZEDAŻ(ID_REKLAMACJI, ID_OCENY, ID_PRODUKTU, ID_PRACOWNIKA, ID_ODDZIAŁU, LICZBA_PRODUKTÓW, CZAS, ZYSK, NUMER_TRANSAKCJI) VALUES(2, 3, 10, 8, 3, 6, TO_DATE('2003-02-05 02:35', 'YYYY-MM-DD HH24:MI'), 19, 135);
INSERT INTO SPRZEDAŻ(ID_REKLAMACJI, ID_OCENY, ID_PRODUKTU, ID_PRACOWNIKA, ID_ODDZIAŁU, LICZBA_PRODUKTÓW, CZAS, ZYSK, NUMER_TRANSAKCJI) VALUES(2, 2, 2, 5, 7, 3, TO_DATE('2002-02-10 19:13', 'YYYY-MM-DD HH24:MI'), 556, 136);
INSERT INTO SPRZEDAŻ(ID_REKLAMACJI, ID_OCENY, ID_PRODUKTU, ID_PRACOWNIKA, ID_ODDZIAŁU, LICZBA_PRODUKTÓW, CZAS, ZYSK, NUMER_TRANSAKCJI) VALUES(1, 2, 5, 3, 2, 8, TO_DATE('2002-06-30 05:31', 'YYYY-MM-DD HH24:MI'), 283, 137);
INSERT INTO SPRZEDAŻ(ID_REKLAMACJI, ID_OCENY, ID_PRODUKTU, ID_PRACOWNIKA, ID_ODDZIAŁU, LICZBA_PRODUKTÓW, CZAS, ZYSK, NUMER_TRANSAKCJI) VALUES(3, 2, 28, 20, 8, 2, TO_DATE('2003-08-14 15:30', 'YYYY-MM-DD HH24:MI'), 209, 138);
INSERT INTO SPRZEDAŻ(ID_REKLAMACJI, ID_OCENY, ID_PRODUKTU, ID_PRACOWNIKA, ID_ODDZIAŁU, LICZBA_PRODUKTÓW, CZAS, ZYSK, NUMER_TRANSAKCJI) VALUES(3, 3, 25, 20, 5, 7, TO_DATE('2003-03-05 10:35', 'YYYY-MM-DD HH24:MI'), 6, 139);
INSERT INTO SPRZEDAŻ(ID_REKLAMACJI, ID_OCENY, ID_PRODUKTU, ID_PRACOWNIKA, ID_ODDZIAŁU, LICZBA_PRODUKTÓW, CZAS, ZYSK, NUMER_TRANSAKCJI) VALUES(3, 2, 22, 20, 2, 9, TO_DATE('2003-06-14 23:24', 'YYYY-MM-DD HH24:MI'), 462, 140);
INSERT INTO SPRZEDAŻ(ID_REKLAMACJI, ID_OCENY, ID_PRODUKTU, ID_PRACOWNIKA, ID_ODDZIAŁU, LICZBA_PRODUKTÓW, CZAS, ZYSK, NUMER_TRANSAKCJI) VALUES(2, 2, 14, 7, 6, 8, TO_DATE('2001-12-18 11:50', 'YYYY-MM-DD HH24:MI'), 402, 141);
INSERT INTO SPRZEDAŻ(ID_REKLAMACJI, ID_OCENY, ID_PRODUKTU, ID_PRACOWNIKA, ID_ODDZIAŁU, LICZBA_PRODUKTÓW, CZAS, ZYSK, NUMER_TRANSAKCJI) VALUES(1, 3, 20, 12, 2, 9, TO_DATE('2003-10-08 22:35', 'YYYY-MM-DD HH24:MI'), 462, 142);
INSERT INTO SPRZEDAŻ(ID_REKLAMACJI, ID_OCENY, ID_PRODUKTU, ID_PRACOWNIKA, ID_ODDZIAŁU, LICZBA_PRODUKTÓW, CZAS, ZYSK, NUMER_TRANSAKCJI) VALUES(3, 3, 9, 10, 9, 1, TO_DATE('2002-12-19 20:43', 'YYYY-MM-DD HH24:MI'), 272, 143);
INSERT INTO SPRZEDAŻ(ID_REKLAMACJI, ID_OCENY, ID_PRODUKTU, ID_PRACOWNIKA, ID_ODDZIAŁU, LICZBA_PRODUKTÓW, CZAS, ZYSK, NUMER_TRANSAKCJI) VALUES(1, 2, 6, 14, 9, 5, TO_DATE('2003-05-26 03:33', 'YYYY-MM-DD HH24:MI'), 297, 144);
INSERT INTO SPRZEDAŻ(ID_REKLAMACJI, ID_OCENY, ID_PRODUKTU, ID_PRACOWNIKA, ID_ODDZIAŁU, LICZBA_PRODUKTÓW, CZAS, ZYSK, NUMER_TRANSAKCJI) VALUES(3, 3, 2, 18, 2, 7, TO_DATE('2003-07-26 03:32', 'YYYY-MM-DD HH24:MI'), 377, 145);
INSERT INTO SPRZEDAŻ(ID_REKLAMACJI, ID_OCENY, ID_PRODUKTU, ID_PRACOWNIKA, ID_ODDZIAŁU, LICZBA_PRODUKTÓW, CZAS, ZYSK, NUMER_TRANSAKCJI) VALUES(1, 1, 25, 7, 10, 6, TO_DATE('2002-11-01 15:24', 'YYYY-MM-DD HH24:MI'), 282, 146);
INSERT INTO SPRZEDAŻ(ID_REKLAMACJI, ID_OCENY, ID_PRODUKTU, ID_PRACOWNIKA, ID_ODDZIAŁU, LICZBA_PRODUKTÓW, CZAS, ZYSK, NUMER_TRANSAKCJI) VALUES(2, 2, 28, 12, 6, 9, TO_DATE('2003-07-30 03:06', 'YYYY-MM-DD HH24:MI'), 502, 147);
INSERT INTO SPRZEDAŻ(ID_REKLAMACJI, ID_OCENY, ID_PRODUKTU, ID_PRACOWNIKA, ID_ODDZIAŁU, LICZBA_PRODUKTÓW, CZAS, ZYSK, NUMER_TRANSAKCJI) VALUES(2, 1, 15, 3, 4, 10, TO_DATE('2002-02-16 12:42', 'YYYY-MM-DD HH24:MI'), 572, 148);
INSERT INTO SPRZEDAŻ(ID_REKLAMACJI, ID_OCENY, ID_PRODUKTU, ID_PRACOWNIKA, ID_ODDZIAŁU, LICZBA_PRODUKTÓW, CZAS, ZYSK, NUMER_TRANSAKCJI) VALUES(1, 2, 17, 3, 5, 8, TO_DATE('2002-01-25 14:38', 'YYYY-MM-DD HH24:MI'), 368, 149);
INSERT INTO SPRZEDAŻ(ID_REKLAMACJI, ID_OCENY, ID_PRODUKTU, ID_PRACOWNIKA, ID_ODDZIAŁU, LICZBA_PRODUKTÓW, CZAS, ZYSK, NUMER_TRANSAKCJI) VALUES(2, 2, 18, 14, 5, 3, TO_DATE('2001-12-25 14:23', 'YYYY-MM-DD HH24:MI'), 21, 150);
INSERT INTO SPRZEDAŻ(ID_REKLAMACJI, ID_OCENY, ID_PRODUKTU, ID_PRACOWNIKA, ID_ODDZIAŁU, LICZBA_PRODUKTÓW, CZAS, ZYSK, NUMER_TRANSAKCJI) VALUES(1, 1, 23, 7, 10, 7, TO_DATE('2002-06-11 23:53', 'YYYY-MM-DD HH24:MI'), 368, 151);
INSERT INTO SPRZEDAŻ(ID_REKLAMACJI, ID_OCENY, ID_PRODUKTU, ID_PRACOWNIKA, ID_ODDZIAŁU, LICZBA_PRODUKTÓW, CZAS, ZYSK, NUMER_TRANSAKCJI) VALUES(1, 3, 1, 13, 1, 1, TO_DATE('2002-11-13 23:08', 'YYYY-MM-DD HH24:MI'), 318, 152);
INSERT INTO SPRZEDAŻ(ID_REKLAMACJI, ID_OCENY, ID_PRODUKTU, ID_PRACOWNIKA, ID_ODDZIAŁU, LICZBA_PRODUKTÓW, CZAS, ZYSK, NUMER_TRANSAKCJI) VALUES(3, 3, 12, 7, 1, 4, TO_DATE('2001-12-23 07:17', 'YYYY-MM-DD HH24:MI'), 158, 153);
INSERT INTO SPRZEDAŻ(ID_REKLAMACJI, ID_OCENY, ID_PRODUKTU, ID_PRACOWNIKA, ID_ODDZIAŁU, LICZBA_PRODUKTÓW, CZAS, ZYSK, NUMER_TRANSAKCJI) VALUES(1, 3, 10, 12, 8, 3, TO_DATE('2002-08-02 17:08', 'YYYY-MM-DD HH24:MI'), 592, 154);
INSERT INTO SPRZEDAŻ(ID_REKLAMACJI, ID_OCENY, ID_PRODUKTU, ID_PRACOWNIKA, ID_ODDZIAŁU, LICZBA_PRODUKTÓW, CZAS, ZYSK, NUMER_TRANSAKCJI) VALUES(1, 1, 9, 13, 2, 6, TO_DATE('2003-04-15 11:51', 'YYYY-MM-DD HH24:MI'), 274, 155);
INSERT INTO SPRZEDAŻ(ID_REKLAMACJI, ID_OCENY, ID_PRODUKTU, ID_PRACOWNIKA, ID_ODDZIAŁU, LICZBA_PRODUKTÓW, CZAS, ZYSK, NUMER_TRANSAKCJI) VALUES(3, 3, 18, 14, 6, 1, TO_DATE('2003-04-25 14:16', 'YYYY-MM-DD HH24:MI'), 10, 156);
INSERT INTO SPRZEDAŻ(ID_REKLAMACJI, ID_OCENY, ID_PRODUKTU, ID_PRACOWNIKA, ID_ODDZIAŁU, LICZBA_PRODUKTÓW, CZAS, ZYSK, NUMER_TRANSAKCJI) VALUES(1, 3, 7, 15, 2, 2, TO_DATE('2003-10-21 20:06', 'YYYY-MM-DD HH24:MI'), 295, 157);
INSERT INTO SPRZEDAŻ(ID_REKLAMACJI, ID_OCENY, ID_PRODUKTU, ID_PRACOWNIKA, ID_ODDZIAŁU, LICZBA_PRODUKTÓW, CZAS, ZYSK, NUMER_TRANSAKCJI) VALUES(1, 3, 27, 12, 7, 4, TO_DATE('2003-06-09 13:26', 'YYYY-MM-DD HH24:MI'), 473, 158);
INSERT INTO SPRZEDAŻ(ID_REKLAMACJI, ID_OCENY, ID_PRODUKTU, ID_PRACOWNIKA, ID_ODDZIAŁU, LICZBA_PRODUKTÓW, CZAS, ZYSK, NUMER_TRANSAKCJI) VALUES(2, 2, 10, 20, 10, 5, TO_DATE('2002-03-28 14:06', 'YYYY-MM-DD HH24:MI'), 125, 159);
INSERT INTO SPRZEDAŻ(ID_REKLAMACJI, ID_OCENY, ID_PRODUKTU, ID_PRACOWNIKA, ID_ODDZIAŁU, LICZBA_PRODUKTÓW, CZAS, ZYSK, NUMER_TRANSAKCJI) VALUES(2, 3, 9, 19, 7, 9, TO_DATE('2003-11-09 07:01', 'YYYY-MM-DD HH24:MI'), 493, 160);
INSERT INTO SPRZEDAŻ(ID_REKLAMACJI, ID_OCENY, ID_PRODUKTU, ID_PRACOWNIKA, ID_ODDZIAŁU, LICZBA_PRODUKTÓW, CZAS, ZYSK, NUMER_TRANSAKCJI) VALUES(1, 1, 6, 10, 2, 8, TO_DATE('2003-07-26 04:15', 'YYYY-MM-DD HH24:MI'), 89, 161);
INSERT INTO SPRZEDAŻ(ID_REKLAMACJI, ID_OCENY, ID_PRODUKTU, ID_PRACOWNIKA, ID_ODDZIAŁU, LICZBA_PRODUKTÓW, CZAS, ZYSK, NUMER_TRANSAKCJI) VALUES(3, 2, 21, 7, 4, 7, TO_DATE('2002-01-27 00:00', 'YYYY-MM-DD HH24:MI'), 359, 162);
INSERT INTO SPRZEDAŻ(ID_REKLAMACJI, ID_OCENY, ID_PRODUKTU, ID_PRACOWNIKA, ID_ODDZIAŁU, LICZBA_PRODUKTÓW, CZAS, ZYSK, NUMER_TRANSAKCJI) VALUES(1, 2, 4, 1, 5, 9, TO_DATE('2003-10-21 23:59', 'YYYY-MM-DD HH24:MI'), 514, 163);
INSERT INTO SPRZEDAŻ(ID_REKLAMACJI, ID_OCENY, ID_PRODUKTU, ID_PRACOWNIKA, ID_ODDZIAŁU, LICZBA_PRODUKTÓW, CZAS, ZYSK, NUMER_TRANSAKCJI) VALUES(2, 2, 23, 2, 1, 2, TO_DATE('2003-10-14 16:14', 'YYYY-MM-DD HH24:MI'), 477, 164);
INSERT INTO SPRZEDAŻ(ID_REKLAMACJI, ID_OCENY, ID_PRODUKTU, ID_PRACOWNIKA, ID_ODDZIAŁU, LICZBA_PRODUKTÓW, CZAS, ZYSK, NUMER_TRANSAKCJI) VALUES(2, 2, 15, 11, 6, 7, TO_DATE('2002-04-26 10:46', 'YYYY-MM-DD HH24:MI'), 37, 165);
INSERT INTO SPRZEDAŻ(ID_REKLAMACJI, ID_OCENY, ID_PRODUKTU, ID_PRACOWNIKA, ID_ODDZIAŁU, LICZBA_PRODUKTÓW, CZAS, ZYSK, NUMER_TRANSAKCJI) VALUES(3, 1, 21, 14, 1, 3, TO_DATE('2002-08-05 13:24', 'YYYY-MM-DD HH24:MI'), 342, 166);
INSERT INTO SPRZEDAŻ(ID_REKLAMACJI, ID_OCENY, ID_PRODUKTU, ID_PRACOWNIKA, ID_ODDZIAŁU, LICZBA_PRODUKTÓW, CZAS, ZYSK, NUMER_TRANSAKCJI) VALUES(3, 1, 20, 16, 9, 6, TO_DATE('2002-06-06 19:17', 'YYYY-MM-DD HH24:MI'), 208, 167);
INSERT INTO SPRZEDAŻ(ID_REKLAMACJI, ID_OCENY, ID_PRODUKTU, ID_PRACOWNIKA, ID_ODDZIAŁU, LICZBA_PRODUKTÓW, CZAS, ZYSK, NUMER_TRANSAKCJI) VALUES(3, 3, 29, 11, 8, 8, TO_DATE('2002-06-09 07:02', 'YYYY-MM-DD HH24:MI'), 459, 168);
INSERT INTO SPRZEDAŻ(ID_REKLAMACJI, ID_OCENY, ID_PRODUKTU, ID_PRACOWNIKA, ID_ODDZIAŁU, LICZBA_PRODUKTÓW, CZAS, ZYSK, NUMER_TRANSAKCJI) VALUES(2, 1, 2, 15, 2, 6, TO_DATE('2002-09-04 15:48', 'YYYY-MM-DD HH24:MI'), 336, 169);
INSERT INTO SPRZEDAŻ(ID_REKLAMACJI, ID_OCENY, ID_PRODUKTU, ID_PRACOWNIKA, ID_ODDZIAŁU, LICZBA_PRODUKTÓW, CZAS, ZYSK, NUMER_TRANSAKCJI) VALUES(3, 1, 26, 9, 3, 4, TO_DATE('2003-07-26 17:42', 'YYYY-MM-DD HH24:MI'), 10, 170);
INSERT INTO SPRZEDAŻ(ID_REKLAMACJI, ID_OCENY, ID_PRODUKTU, ID_PRACOWNIKA, ID_ODDZIAŁU, LICZBA_PRODUKTÓW, CZAS, ZYSK, NUMER_TRANSAKCJI) VALUES(1, 2, 6, 9, 4, 7, TO_DATE('2003-04-04 02:38', 'YYYY-MM-DD HH24:MI'), 237, 171);
INSERT INTO SPRZEDAŻ(ID_REKLAMACJI, ID_OCENY, ID_PRODUKTU, ID_PRACOWNIKA, ID_ODDZIAŁU, LICZBA_PRODUKTÓW, CZAS, ZYSK, NUMER_TRANSAKCJI) VALUES(1, 1, 14, 9, 2, 5, TO_DATE('2002-10-30 16:57', 'YYYY-MM-DD HH24:MI'), 443, 172);
INSERT INTO SPRZEDAŻ(ID_REKLAMACJI, ID_OCENY, ID_PRODUKTU, ID_PRACOWNIKA, ID_ODDZIAŁU, LICZBA_PRODUKTÓW, CZAS, ZYSK, NUMER_TRANSAKCJI) VALUES(2, 2, 17, 3, 1, 10, TO_DATE('2003-04-29 10:34', 'YYYY-MM-DD HH24:MI'), 405, 173);
INSERT INTO SPRZEDAŻ(ID_REKLAMACJI, ID_OCENY, ID_PRODUKTU, ID_PRACOWNIKA, ID_ODDZIAŁU, LICZBA_PRODUKTÓW, CZAS, ZYSK, NUMER_TRANSAKCJI) VALUES(3, 2, 16, 6, 10, 1, TO_DATE('2002-06-01 00:39', 'YYYY-MM-DD HH24:MI'), 228, 174);
INSERT INTO SPRZEDAŻ(ID_REKLAMACJI, ID_OCENY, ID_PRODUKTU, ID_PRACOWNIKA, ID_ODDZIAŁU, LICZBA_PRODUKTÓW, CZAS, ZYSK, NUMER_TRANSAKCJI) VALUES(1, 3, 9, 2, 4, 1, TO_DATE('2001-12-26 11:31', 'YYYY-MM-DD HH24:MI'), 357, 175);
INSERT INTO SPRZEDAŻ(ID_REKLAMACJI, ID_OCENY, ID_PRODUKTU, ID_PRACOWNIKA, ID_ODDZIAŁU, LICZBA_PRODUKTÓW, CZAS, ZYSK, NUMER_TRANSAKCJI) VALUES(2, 2, 30, 16, 6, 8, TO_DATE('2001-12-28 03:22', 'YYYY-MM-DD HH24:MI'), 554, 176);
INSERT INTO SPRZEDAŻ(ID_REKLAMACJI, ID_OCENY, ID_PRODUKTU, ID_PRACOWNIKA, ID_ODDZIAŁU, LICZBA_PRODUKTÓW, CZAS, ZYSK, NUMER_TRANSAKCJI) VALUES(2, 3, 18, 12, 8, 8, TO_DATE('2002-12-21 18:14', 'YYYY-MM-DD HH24:MI'), 102, 177);
INSERT INTO SPRZEDAŻ(ID_REKLAMACJI, ID_OCENY, ID_PRODUKTU, ID_PRACOWNIKA, ID_ODDZIAŁU, LICZBA_PRODUKTÓW, CZAS, ZYSK, NUMER_TRANSAKCJI) VALUES(2, 1, 15, 11, 4, 1, TO_DATE('2002-06-06 19:47', 'YYYY-MM-DD HH24:MI'), 78, 178);
INSERT INTO SPRZEDAŻ(ID_REKLAMACJI, ID_OCENY, ID_PRODUKTU, ID_PRACOWNIKA, ID_ODDZIAŁU, LICZBA_PRODUKTÓW, CZAS, ZYSK, NUMER_TRANSAKCJI) VALUES(3, 2, 15, 5, 9, 3, TO_DATE('2003-10-28 22:30', 'YYYY-MM-DD HH24:MI'), 11, 179);
INSERT INTO SPRZEDAŻ(ID_REKLAMACJI, ID_OCENY, ID_PRODUKTU, ID_PRACOWNIKA, ID_ODDZIAŁU, LICZBA_PRODUKTÓW, CZAS, ZYSK, NUMER_TRANSAKCJI) VALUES(1, 2, 24, 8, 1, 6, TO_DATE('2003-07-14 03:48', 'YYYY-MM-DD HH24:MI'), 62, 180);
INSERT INTO SPRZEDAŻ(ID_REKLAMACJI, ID_OCENY, ID_PRODUKTU, ID_PRACOWNIKA, ID_ODDZIAŁU, LICZBA_PRODUKTÓW, CZAS, ZYSK, NUMER_TRANSAKCJI) VALUES(3, 3, 13, 13, 3, 10, TO_DATE('2001-12-29 04:02', 'YYYY-MM-DD HH24:MI'), 161, 181);
INSERT INTO SPRZEDAŻ(ID_REKLAMACJI, ID_OCENY, ID_PRODUKTU, ID_PRACOWNIKA, ID_ODDZIAŁU, LICZBA_PRODUKTÓW, CZAS, ZYSK, NUMER_TRANSAKCJI) VALUES(2, 1, 1, 16, 6, 8, TO_DATE('2002-03-03 15:22', 'YYYY-MM-DD HH24:MI'), 524, 182);
INSERT INTO SPRZEDAŻ(ID_REKLAMACJI, ID_OCENY, ID_PRODUKTU, ID_PRACOWNIKA, ID_ODDZIAŁU, LICZBA_PRODUKTÓW, CZAS, ZYSK, NUMER_TRANSAKCJI) VALUES(3, 1, 6, 9, 6, 5, TO_DATE('2002-07-29 05:02', 'YYYY-MM-DD HH24:MI'), 505, 183);
INSERT INTO SPRZEDAŻ(ID_REKLAMACJI, ID_OCENY, ID_PRODUKTU, ID_PRACOWNIKA, ID_ODDZIAŁU, LICZBA_PRODUKTÓW, CZAS, ZYSK, NUMER_TRANSAKCJI) VALUES(2, 1, 10, 5, 6, 9, TO_DATE('2003-09-27 13:25', 'YYYY-MM-DD HH24:MI'), 386, 184);
INSERT INTO SPRZEDAŻ(ID_REKLAMACJI, ID_OCENY, ID_PRODUKTU, ID_PRACOWNIKA, ID_ODDZIAŁU, LICZBA_PRODUKTÓW, CZAS, ZYSK, NUMER_TRANSAKCJI) VALUES(3, 2, 26, 19, 10, 7, TO_DATE('2002-04-17 05:23', 'YYYY-MM-DD HH24:MI'), 296, 185);
INSERT INTO SPRZEDAŻ(ID_REKLAMACJI, ID_OCENY, ID_PRODUKTU, ID_PRACOWNIKA, ID_ODDZIAŁU, LICZBA_PRODUKTÓW, CZAS, ZYSK, NUMER_TRANSAKCJI) VALUES(1, 2, 22, 12, 4, 10, TO_DATE('2003-01-24 21:48', 'YYYY-MM-DD HH24:MI'), 91, 186);
INSERT INTO SPRZEDAŻ(ID_REKLAMACJI, ID_OCENY, ID_PRODUKTU, ID_PRACOWNIKA, ID_ODDZIAŁU, LICZBA_PRODUKTÓW, CZAS, ZYSK, NUMER_TRANSAKCJI) VALUES(1, 3, 27, 13, 9, 5, TO_DATE('2003-03-23 07:09', 'YYYY-MM-DD HH24:MI'), 485, 187);
INSERT INTO SPRZEDAŻ(ID_REKLAMACJI, ID_OCENY, ID_PRODUKTU, ID_PRACOWNIKA, ID_ODDZIAŁU, LICZBA_PRODUKTÓW, CZAS, ZYSK, NUMER_TRANSAKCJI) VALUES(2, 1, 10, 2, 3, 6, TO_DATE('2002-08-02 02:44', 'YYYY-MM-DD HH24:MI'), 343, 188);
INSERT INTO SPRZEDAŻ(ID_REKLAMACJI, ID_OCENY, ID_PRODUKTU, ID_PRACOWNIKA, ID_ODDZIAŁU, LICZBA_PRODUKTÓW, CZAS, ZYSK, NUMER_TRANSAKCJI) VALUES(2, 2, 12, 17, 6, 3, TO_DATE('2002-04-12 20:43', 'YYYY-MM-DD HH24:MI'), 293, 189);
INSERT INTO SPRZEDAŻ(ID_REKLAMACJI, ID_OCENY, ID_PRODUKTU, ID_PRACOWNIKA, ID_ODDZIAŁU, LICZBA_PRODUKTÓW, CZAS, ZYSK, NUMER_TRANSAKCJI) VALUES(1, 1, 19, 14, 4, 7, TO_DATE('2002-05-22 07:25', 'YYYY-MM-DD HH24:MI'), 486, 190);
INSERT INTO SPRZEDAŻ(ID_REKLAMACJI, ID_OCENY, ID_PRODUKTU, ID_PRACOWNIKA, ID_ODDZIAŁU, LICZBA_PRODUKTÓW, CZAS, ZYSK, NUMER_TRANSAKCJI) VALUES(3, 3, 6, 15, 10, 5, TO_DATE('2003-04-28 01:31', 'YYYY-MM-DD HH24:MI'), 134, 191);
INSERT INTO SPRZEDAŻ(ID_REKLAMACJI, ID_OCENY, ID_PRODUKTU, ID_PRACOWNIKA, ID_ODDZIAŁU, LICZBA_PRODUKTÓW, CZAS, ZYSK, NUMER_TRANSAKCJI) VALUES(1, 1, 19, 11, 3, 2, TO_DATE('2003-08-14 01:30', 'YYYY-MM-DD HH24:MI'), 102, 192);
INSERT INTO SPRZEDAŻ(ID_REKLAMACJI, ID_OCENY, ID_PRODUKTU, ID_PRACOWNIKA, ID_ODDZIAŁU, LICZBA_PRODUKTÓW, CZAS, ZYSK, NUMER_TRANSAKCJI) VALUES(2, 3, 2, 4, 7, 2, TO_DATE('2001-12-30 14:55', 'YYYY-MM-DD HH24:MI'), 234, 193);
INSERT INTO SPRZEDAŻ(ID_REKLAMACJI, ID_OCENY, ID_PRODUKTU, ID_PRACOWNIKA, ID_ODDZIAŁU, LICZBA_PRODUKTÓW, CZAS, ZYSK, NUMER_TRANSAKCJI) VALUES(2, 3, 9, 15, 1, 2, TO_DATE('2002-10-04 14:32', 'YYYY-MM-DD HH24:MI'), 160, 194);
INSERT INTO SPRZEDAŻ(ID_REKLAMACJI, ID_OCENY, ID_PRODUKTU, ID_PRACOWNIKA, ID_ODDZIAŁU, LICZBA_PRODUKTÓW, CZAS, ZYSK, NUMER_TRANSAKCJI) VALUES(2, 1, 12, 17, 3, 7, TO_DATE('2003-03-28 12:35', 'YYYY-MM-DD HH24:MI'), 223, 195);
INSERT INTO SPRZEDAŻ(ID_REKLAMACJI, ID_OCENY, ID_PRODUKTU, ID_PRACOWNIKA, ID_ODDZIAŁU, LICZBA_PRODUKTÓW, CZAS, ZYSK, NUMER_TRANSAKCJI) VALUES(2, 2, 9, 20, 8, 1, TO_DATE('2003-07-19 19:00', 'YYYY-MM-DD HH24:MI'), 516, 196);
INSERT INTO SPRZEDAŻ(ID_REKLAMACJI, ID_OCENY, ID_PRODUKTU, ID_PRACOWNIKA, ID_ODDZIAŁU, LICZBA_PRODUKTÓW, CZAS, ZYSK, NUMER_TRANSAKCJI) VALUES(3, 2, 11, 7, 4, 9, TO_DATE('2003-02-24 11:37', 'YYYY-MM-DD HH24:MI'), 115, 197);
INSERT INTO SPRZEDAŻ(ID_REKLAMACJI, ID_OCENY, ID_PRODUKTU, ID_PRACOWNIKA, ID_ODDZIAŁU, LICZBA_PRODUKTÓW, CZAS, ZYSK, NUMER_TRANSAKCJI) VALUES(2, 3, 14, 16, 1, 6, TO_DATE('2002-05-03 08:22', 'YYYY-MM-DD HH24:MI'), 434, 198);
INSERT INTO SPRZEDAŻ(ID_REKLAMACJI, ID_OCENY, ID_PRODUKTU, ID_PRACOWNIKA, ID_ODDZIAŁU, LICZBA_PRODUKTÓW, CZAS, ZYSK, NUMER_TRANSAKCJI) VALUES(3, 2, 2, 12, 8, 5, TO_DATE('2002-10-25 17:21', 'YYYY-MM-DD HH24:MI'), 356, 199);
INSERT INTO SPRZEDAŻ(ID_REKLAMACJI, ID_OCENY, ID_PRODUKTU, ID_PRACOWNIKA, ID_ODDZIAŁU, LICZBA_PRODUKTÓW, CZAS, ZYSK, NUMER_TRANSAKCJI) VALUES(3, 2, 10, 13, 5, 9, TO_DATE('2002-01-09 12:21', 'YYYY-MM-DD HH24:MI'), 491, 200);
INSERT INTO SPRZEDAŻ(ID_REKLAMACJI, ID_OCENY, ID_PRODUKTU, ID_PRACOWNIKA, ID_ODDZIAŁU, LICZBA_PRODUKTÓW, CZAS, ZYSK, NUMER_TRANSAKCJI) VALUES(2, 2, 5, 9, 2, 7, TO_DATE('2002-10-04 15:38', 'YYYY-MM-DD HH24:MI'), 579, 201);
